CustomerID,Age,Gender,MaritalStatus,IncomeLevel,ChurnStatus,TotalAmountSpent,AverageAmountSpent,NumberOfTransactions,number_of_interactions,last_interaction,resolved_interactions,resolution_rate,LastLoginDate,LoginFrequency,ServiceUsage,Recency
1,62,M,Single,Low,0,416.5,416.5,1,1.0,2022-03-31,1.0,1.0,2023-10-21,34,Mobile App,71
2,65,M,Married,Low,1,1547.4199999999998,221.05999999999997,7,1.0,2022-03-17,1.0,1.0,2023-12-05,5,Website,26
3,18,M,Single,Low,0,1702.98,283.83,6,1.0,2022-08-24,1.0,1.0,2023-11-15,3,Website,46
4,21,M,Widowed,Low,0,917.29,183.458,5,2.0,2022-11-18,1.0,0.5,2023-08-25,2,Website,128
6,57,F,Divorced,Medium,0,1164.29,232.858,5,1.0,2022-05-05,1.0,1.0,2023-09-17,2,Website,105
8,37,M,Single,Low,1,2046.88,292.4114285714286,7,2.0,2022-09-13,0.0,0.0,2023-04-22,17,Online Banking,253
9,39,M,Divorced,High,0,1317.24,263.448,5,1.0,2022-08-15,1.0,1.0,2023-06-27,24,Website,187
11,54,M,Divorced,Medium,0,1733.83,346.76599999999996,5,2.0,2022-10-28,1.0,0.5,2023-01-22,30,Online Banking,343
12,41,F,Married,Low,0,87.1,87.1,1,2.0,2022-11-29,1.0,0.5,2023-12-31,43,Website,0
13,24,F,Divorced,Low,0,392.02,130.67333333333332,3,1.0,2022-07-27,1.0,1.0,2023-07-05,10,Mobile App,179
14,42,M,Widowed,Medium,0,2843.59,315.95444444444445,9,2.0,2022-07-29,1.0,0.5,2023-01-10,26,Online Banking,355
15,42,M,Divorced,Medium,0,1914.02,239.2525,8,2.0,2022-10-18,0.0,0.0,2023-06-15,44,Online Banking,199
16,30,F,Single,Medium,1,2019.79,224.42111111111112,9,2.0,2022-09-08,2.0,1.0,2023-03-15,41,Online Banking,291
17,19,M,Married,Low,0,1625.27,232.18142857142857,7,2.0,2022-05-11,1.0,0.5,2023-09-03,8,Online Banking,119
18,56,F,Married,High,1,951.3800000000001,190.276,5,1.0,2022-11-08,0.0,0.0,2023-11-24,37,Website,37
19,57,F,Divorced,High,0,1017.26,203.452,5,2.0,2022-11-28,0.0,0.0,2023-03-08,39,Online Banking,298
20,41,M,Single,Low,0,2775.85,308.42777777777775,9,1.0,2022-07-19,1.0,1.0,2023-08-15,16,Website,138
22,42,F,Divorced,Low,0,1582.73,263.78833333333336,6,2.0,2022-08-06,2.0,1.0,2023-05-06,42,Mobile App,239
23,35,F,Divorced,Low,0,1490.74,372.685,4,2.0,2022-03-18,1.0,0.5,2023-07-07,19,Mobile App,177
24,55,M,Widowed,Medium,0,1143.22,228.644,5,1.0,2022-11-02,1.0,1.0,2023-10-04,12,Mobile App,88
25,43,F,Married,Low,0,764.77,254.92333333333332,3,1.0,2022-12-06,1.0,1.0,2023-02-15,27,Mobile App,319
26,31,M,Single,Medium,1,571.76,190.58666666666667,3,1.0,2022-12-12,1.0,1.0,2023-09-29,45,Mobile App,93
27,26,M,Widowed,Medium,0,2210.6,276.325,8,1.0,2022-06-13,0.0,0.0,2023-10-01,22,Mobile App,91
28,27,F,Widowed,High,0,1702.26,283.71,6,2.0,2022-12-01,0.0,0.0,2023-10-26,42,Online Banking,66
29,38,F,Divorced,Medium,0,853.0699999999999,284.3566666666666,3,2.0,2022-09-13,1.0,0.5,2023-09-02,34,Website,120
30,69,M,Divorced,High,0,706.66,353.33,2,2.0,2022-10-16,1.0,0.5,2023-07-12,38,Website,172
31,34,M,Divorced,Low,0,1108.56,221.712,5,2.0,2022-06-18,2.0,1.0,2023-08-17,23,Online Banking,136
33,23,M,Divorced,High,1,689.0,344.5,2,1.0,2022-05-30,1.0,1.0,2023-05-19,24,Mobile App,226
34,33,M,Widowed,High,0,1886.4,209.60000000000002,9,2.0,2022-07-02,1.0,0.5,2023-04-03,44,Online Banking,272
35,65,M,Married,Low,0,779.8399999999999,259.94666666666666,3,1.0,2022-07-07,0.0,0.0,2023-05-23,19,Mobile App,222
36,18,F,Widowed,Low,0,1321.5500000000002,220.25833333333335,6,1.0,2022-10-28,1.0,1.0,2023-02-11,6,Online Banking,323
37,36,F,Married,Medium,0,3166.88,351.8755555555556,9,1.0,2022-03-20,1.0,1.0,2023-08-28,3,Online Banking,125
38,53,F,Married,Low,0,874.86,291.62,3,1.0,2022-03-25,1.0,1.0,2023-11-27,47,Online Banking,34
40,67,F,Widowed,Low,0,1578.3500000000001,225.47857142857146,7,1.0,2022-11-23,1.0,1.0,2023-10-14,20,Website,78
41,69,F,Married,High,1,363.22,181.61,2,1.0,2022-02-26,0.0,0.0,2023-07-04,38,Mobile App,180
43,37,M,Single,Low,0,2213.63,316.23285714285714,7,2.0,2022-11-16,1.0,0.5,2023-05-25,25,Mobile App,220
44,37,F,Widowed,Low,0,687.8199999999999,229.2733333333333,3,1.0,2022-04-18,0.0,0.0,2023-11-13,35,Mobile App,48
45,32,F,Widowed,Low,0,300.42,300.42,1,1.0,2022-06-25,0.0,0.0,2023-09-02,49,Online Banking,120
50,50,F,Single,Low,0,1514.62,378.655,4,2.0,2022-11-03,0.0,0.0,2023-07-15,19,Online Banking,169
54,53,F,Married,Low,0,461.21000000000004,230.60500000000002,2,2.0,2022-11-21,2.0,1.0,2023-01-20,22,Online Banking,345
57,46,F,Divorced,High,0,597.75,199.25,3,1.0,2022-12-07,0.0,0.0,2023-07-20,44,Online Banking,164
58,52,M,Single,High,0,2215.82,369.30333333333334,6,2.0,2022-07-17,0.0,0.0,2023-04-17,9,Online Banking,258
60,18,F,Single,High,0,781.09,195.2725,4,2.0,2022-06-08,1.0,0.5,2023-03-02,25,Mobile App,304
61,54,M,Single,Low,1,678.97,226.32333333333335,3,1.0,2022-04-10,1.0,1.0,2023-12-27,47,Website,4
62,23,F,Married,High,0,840.0,210.0,4,2.0,2022-12-27,2.0,1.0,2023-08-27,16,Mobile App,126
67,22,F,Single,Medium,0,701.76,175.44,4,2.0,2022-05-21,2.0,1.0,2023-07-23,17,Online Banking,161
68,59,F,Divorced,High,1,886.4799999999999,221.61999999999998,4,2.0,2022-06-06,0.0,0.0,2023-07-25,5,Website,159
69,60,F,Single,Low,0,1038.53,259.6325,4,1.0,2022-10-05,1.0,1.0,2023-11-13,29,Mobile App,48
71,19,F,Divorced,Low,1,474.59000000000003,158.1966666666667,3,2.0,2022-04-13,1.0,0.5,2023-08-17,47,Online Banking,136
72,19,F,Divorced,High,1,1080.4,180.0666666666667,6,2.0,2022-01-08,1.0,0.5,2023-04-25,25,Online Banking,250
73,57,M,Single,Low,1,2254.22,250.46888888888887,9,1.0,2022-08-15,1.0,1.0,2023-10-27,24,Online Banking,65
74,59,M,Widowed,Low,0,2083.79,260.47375,8,1.0,2022-03-02,1.0,1.0,2023-02-19,44,Mobile App,315
75,53,F,Single,High,1,769.97,192.4925,4,1.0,2022-08-21,1.0,1.0,2023-06-17,12,Mobile App,197
76,56,F,Widowed,Medium,1,883.92,220.98,4,2.0,2022-11-18,1.0,0.5,2023-05-09,5,Website,236
78,64,M,Widowed,Low,0,816.89,272.2966666666667,3,1.0,2022-11-23,0.0,0.0,2023-10-07,35,Mobile App,85
79,36,M,Married,High,1,931.3199999999999,310.44,3,1.0,2022-01-28,1.0,1.0,2023-04-20,23,Online Banking,255
83,53,M,Widowed,Medium,0,1419.9199999999998,236.6533333333333,6,2.0,2022-04-22,0.0,0.0,2023-12-31,25,Mobile App,0
87,29,F,Single,High,0,1411.84,282.368,5,2.0,2022-12-10,1.0,0.5,2023-11-22,43,Website,39
90,22,M,Married,Medium,0,1229.96,204.99333333333334,6,1.0,2022-09-04,1.0,1.0,2023-05-30,47,Online Banking,215
91,65,F,Widowed,Low,0,1804.74,200.52666666666667,9,2.0,2022-05-24,1.0,0.5,2023-02-03,43,Mobile App,331
92,21,F,Divorced,Low,0,2265.28,283.16,8,2.0,2022-10-06,1.0,0.5,2023-07-01,37,Mobile App,183
93,30,F,Married,Low,0,848.07,169.614,5,2.0,2022-10-07,2.0,1.0,2023-10-16,42,Mobile App,76
95,58,F,Single,High,0,677.27,225.75666666666666,3,1.0,2022-07-30,1.0,1.0,2023-06-20,12,Online Banking,194
96,32,F,Divorced,High,0,161.84,161.84,1,2.0,2022-02-20,0.0,0.0,2023-02-27,36,Mobile App,307
97,33,M,Single,High,0,553.65,276.825,2,2.0,2022-08-11,2.0,1.0,2023-12-20,38,Website,11
98,38,F,Divorced,Low,0,893.76,178.752,5,1.0,2022-11-28,1.0,1.0,2023-05-23,9,Mobile App,222
100,41,F,Married,Low,1,1108.56,277.14,4,2.0,2022-12-01,2.0,1.0,2023-06-02,45,Online Banking,212
101,33,F,Single,High,0,492.35,492.35,1,2.0,2022-10-21,1.0,0.5,2023-01-15,35,Online Banking,350
102,31,M,Married,High,0,2029.96,338.32666666666665,6,2.0,2022-10-30,1.0,0.5,2023-01-14,32,Online Banking,351
103,39,M,Widowed,Low,0,2297.73,255.30333333333334,9,2.0,2022-12-25,2.0,1.0,2023-04-27,46,Mobile App,248
104,66,F,Widowed,Medium,1,2666.84,296.3155555555556,9,2.0,2022-04-22,1.0,0.5,2023-03-23,3,Online Banking,283
105,67,F,Widowed,Low,0,1863.6,232.95,8,2.0,2022-10-16,0.0,0.0,2023-12-24,30,Website,7
106,23,M,Married,High,0,875.08,291.6933333333333,3,2.0,2022-05-21,1.0,0.5,2023-07-20,49,Mobile App,164
108,53,M,Divorced,Low,1,494.30999999999995,247.15499999999997,2,2.0,2022-11-13,0.0,0.0,2023-03-24,1,Mobile App,282
109,18,M,Married,Medium,0,1274.7,212.45000000000002,6,2.0,2022-12-11,0.0,0.0,2023-04-28,20,Mobile App,247
110,49,M,Married,Medium,1,723.0,241.0,3,2.0,2022-12-05,2.0,1.0,2023-10-10,25,Website,82
111,23,F,Widowed,High,1,613.1800000000001,306.59000000000003,2,1.0,2022-03-05,0.0,0.0,2023-06-17,33,Website,197
112,48,F,Divorced,High,0,750.17,250.05666666666664,3,1.0,2022-03-09,1.0,1.0,2023-10-16,35,Website,76
113,18,F,Married,High,0,1834.01,262.00142857142856,7,1.0,2022-08-16,0.0,0.0,2023-04-12,44,Online Banking,263
116,54,M,Married,High,0,1504.28,214.89714285714285,7,1.0,2022-05-26,1.0,1.0,2023-08-20,39,Mobile App,133
118,66,M,Divorced,Medium,0,1625.39,270.89833333333337,6,1.0,2022-02-02,0.0,0.0,2023-10-01,34,Online Banking,91
119,47,M,Widowed,Medium,1,2012.3300000000002,251.54125000000002,8,2.0,2022-02-26,2.0,1.0,2023-03-29,18,Mobile App,277
120,21,F,Widowed,High,0,1168.79,194.79833333333332,6,2.0,2022-11-07,1.0,0.5,2023-02-23,2,Online Banking,311
121,52,M,Divorced,Medium,0,1073.01,214.602,5,2.0,2022-12-06,1.0,0.5,2023-09-09,38,Mobile App,113
122,60,F,Single,Medium,1,2825.52,313.94666666666666,9,1.0,2022-04-01,1.0,1.0,2023-06-14,17,Mobile App,200
123,31,M,Widowed,Medium,1,938.58,312.86,3,2.0,2022-11-11,2.0,1.0,2023-03-15,23,Mobile App,291
124,66,M,Married,Medium,0,2283.88,326.2685714285714,7,2.0,2022-12-25,2.0,1.0,2023-02-19,33,Website,315
127,27,F,Married,Medium,0,1976.17,247.02125,8,1.0,2022-04-28,1.0,1.0,2023-01-18,11,Website,347
128,18,F,Divorced,Medium,1,630.2,315.1,2,2.0,2022-08-17,1.0,0.5,2023-07-07,23,Website,177
129,28,F,Widowed,Medium,0,243.55,121.775,2,1.0,2022-05-10,1.0,1.0,2023-03-21,13,Website,285
130,68,M,Divorced,Low,0,552.23,276.115,2,1.0,2022-09-06,0.0,0.0,2023-02-25,47,Mobile App,309
131,61,F,Divorced,Low,0,2726.7,340.8375,8,1.0,2022-12-03,1.0,1.0,2023-09-24,11,Website,98
133,20,M,Widowed,Medium,0,896.27,224.0675,4,1.0,2022-08-12,1.0,1.0,2023-04-13,38,Mobile App,262
134,52,M,Widowed,Medium,0,1570.08,261.68,6,1.0,2022-04-26,0.0,0.0,2023-01-05,27,Mobile App,360
138,36,M,Divorced,Low,0,2804.65,350.58125,8,1.0,2022-02-28,0.0,0.0,2023-03-20,34,Online Banking,286
139,64,F,Widowed,High,0,2045.49,292.21285714285716,7,2.0,2022-07-18,1.0,0.5,2023-06-03,22,Website,211
140,53,M,Married,High,0,1024.23,341.41,3,1.0,2022-04-27,1.0,1.0,2023-10-21,18,Mobile App,71
141,38,F,Widowed,Medium,0,2483.75,354.82142857142856,7,2.0,2022-05-23,2.0,1.0,2023-06-28,41,Online Banking,186
142,35,M,Divorced,High,0,1391.99,278.398,5,1.0,2022-03-04,0.0,0.0,2023-04-27,18,Mobile App,248
143,68,F,Widowed,Low,0,343.27,171.635,2,1.0,2022-12-07,1.0,1.0,2023-12-25,13,Website,6
144,45,F,Married,Low,1,419.85,419.85,1,1.0,2022-07-15,1.0,1.0,2023-02-18,39,Online Banking,316
145,32,F,Married,High,0,1768.7,353.74,5,2.0,2022-10-27,0.0,0.0,2023-10-11,16,Online Banking,81
147,19,F,Widowed,High,0,2260.34,282.5425,8,2.0,2022-11-19,1.0,0.5,2023-09-02,34,Mobile App,120
148,54,F,Married,Medium,0,13.04,13.04,1,2.0,2022-06-12,1.0,0.5,2023-03-09,29,Website,297
149,28,M,Single,Medium,0,444.84,444.84,1,1.0,2022-03-15,1.0,1.0,2023-02-17,6,Online Banking,317
151,61,M,Single,Medium,0,334.2,334.2,1,2.0,2022-11-21,1.0,0.5,2023-06-02,36,Mobile App,212
153,29,M,Married,Low,0,1735.16,347.03200000000004,5,1.0,2022-08-04,0.0,0.0,2023-01-26,42,Online Banking,339
155,69,M,Divorced,Low,0,1883.08,235.385,8,2.0,2022-11-24,2.0,1.0,2023-04-08,18,Website,267
159,56,M,Married,High,0,25.75,25.75,1,2.0,2022-04-12,0.0,0.0,2023-05-11,18,Website,234
160,37,M,Married,Medium,1,2053.13,256.64125,8,2.0,2022-07-19,1.0,0.5,2023-05-02,43,Online Banking,243
161,64,M,Single,High,0,1983.84,330.64,6,1.0,2022-06-26,0.0,0.0,2023-07-24,4,Mobile App,160
162,60,F,Married,Medium,0,425.88,141.96,3,2.0,2022-11-27,1.0,0.5,2023-06-11,6,Mobile App,203
163,69,M,Divorced,High,0,1064.88,354.96000000000004,3,2.0,2022-10-15,1.0,0.5,2023-01-13,22,Mobile App,352
164,58,F,Widowed,Low,1,955.49,191.098,5,1.0,2022-12-06,1.0,1.0,2023-11-25,2,Website,36
166,48,F,Widowed,Low,0,1241.5,248.3,5,1.0,2022-11-12,1.0,1.0,2023-08-03,48,Online Banking,150
167,42,F,Single,Low,0,2356.35,294.54375,8,1.0,2022-12-04,1.0,1.0,2023-03-03,40,Website,303
168,20,M,Married,Low,1,1126.93,281.7325,4,2.0,2022-09-16,1.0,0.5,2023-08-29,32,Website,124
169,21,F,Widowed,High,0,2164.75,240.52777777777777,9,1.0,2022-07-09,0.0,0.0,2023-06-18,39,Mobile App,196
170,48,M,Divorced,Low,1,1448.33,206.9042857142857,7,1.0,2022-01-05,0.0,0.0,2023-10-12,21,Website,80
171,52,F,Single,High,0,2532.71,361.8157142857143,7,1.0,2022-09-16,1.0,1.0,2023-05-04,8,Mobile App,241
172,61,M,Married,Medium,0,1972.76,328.79333333333335,6,2.0,2022-07-01,1.0,0.5,2023-12-12,25,Website,19
173,31,F,Married,Low,0,606.09,202.03,3,1.0,2022-11-14,1.0,1.0,2023-10-22,41,Mobile App,70
174,66,F,Married,Medium,1,1801.46,257.3514285714286,7,1.0,2022-03-30,0.0,0.0,2023-03-09,36,Mobile App,297
175,58,M,Married,Medium,0,1218.9,174.12857142857143,7,2.0,2022-03-20,1.0,0.5,2023-11-27,4,Website,34
177,37,F,Divorced,Medium,0,429.79,429.79,1,1.0,2022-02-09,0.0,0.0,2023-03-05,28,Website,301
182,21,F,Single,Medium,0,1491.65,298.33000000000004,5,2.0,2022-11-25,2.0,1.0,2023-06-12,32,Online Banking,202
183,62,F,Single,High,1,1135.44,378.48,3,1.0,2022-02-03,1.0,1.0,2023-04-21,49,Online Banking,254
185,50,F,Widowed,Medium,0,1284.89,214.14833333333334,6,2.0,2022-10-22,2.0,1.0,2023-10-23,4,Online Banking,69
187,21,F,Widowed,Medium,0,513.26,256.63,2,2.0,2022-11-17,2.0,1.0,2023-01-09,30,Mobile App,356
188,63,M,Single,High,0,1768.25,294.7083333333333,6,2.0,2022-09-13,1.0,0.5,2023-03-29,49,Mobile App,277
189,29,M,Single,High,0,574.4699999999999,191.48999999999998,3,2.0,2022-09-03,1.0,0.5,2023-06-21,41,Mobile App,193
190,40,M,Divorced,Low,1,1417.97,202.56714285714287,7,1.0,2022-06-08,0.0,0.0,2023-04-01,22,Website,274
191,31,F,Single,Low,0,1942.65,277.5214285714286,7,2.0,2022-03-29,1.0,0.5,2023-02-15,2,Website,319
192,63,F,Divorced,Medium,0,1172.53,390.8433333333333,3,2.0,2022-11-26,1.0,0.5,2023-07-07,12,Website,177
193,29,M,Widowed,Low,0,270.34,270.34,1,2.0,2022-10-16,1.0,0.5,2023-05-11,34,Website,234
195,42,F,Married,Medium,0,1711.71,285.285,6,2.0,2022-09-16,1.0,0.5,2023-03-07,14,Website,299
196,47,M,Widowed,Low,0,2134.16,266.77,8,2.0,2022-04-27,0.0,0.0,2023-01-22,39,Website,343
197,39,F,Married,Medium,1,925.4300000000001,231.35750000000002,4,2.0,2022-07-15,1.0,0.5,2023-03-16,39,Online Banking,290
199,43,M,Married,High,0,1270.25,211.70833333333334,6,2.0,2022-11-16,1.0,0.5,2023-01-08,6,Website,357
200,34,F,Single,Low,0,1702.06,283.6766666666667,6,2.0,2022-11-16,2.0,1.0,2023-02-10,8,Online Banking,324
201,37,M,Married,High,1,956.5799999999999,318.85999999999996,3,2.0,2022-08-21,1.0,0.5,2023-08-14,27,Online Banking,139
202,51,F,Widowed,Medium,0,336.18,336.18,1,2.0,2022-09-14,2.0,1.0,2023-03-07,12,Mobile App,299
203,58,F,Divorced,Medium,0,1767.9,294.65000000000003,6,2.0,2022-08-28,2.0,1.0,2023-04-16,21,Website,259
204,50,F,Widowed,Medium,0,454.14,227.07,2,2.0,2022-07-07,1.0,0.5,2023-05-08,38,Online Banking,237
212,33,F,Married,Medium,0,1047.61,149.6585714285714,7,1.0,2022-11-01,1.0,1.0,2023-06-14,37,Website,200
213,59,F,Widowed,Medium,1,2092.89,298.9842857142857,7,1.0,2022-01-13,1.0,1.0,2023-02-23,30,Website,311
215,58,F,Divorced,Medium,0,1343.7,223.95000000000002,6,2.0,2022-11-24,0.0,0.0,2023-11-07,42,Online Banking,54
216,33,F,Widowed,High,0,1570.8600000000001,314.172,5,2.0,2022-12-13,2.0,1.0,2023-09-06,35,Mobile App,116
217,29,M,Married,Low,1,2576.78,322.0975,8,1.0,2022-04-03,0.0,0.0,2023-08-14,1,Online Banking,139
221,19,F,Single,Low,1,1277.29,319.3225,4,1.0,2022-05-21,1.0,1.0,2023-06-16,42,Mobile App,198
223,62,F,Divorced,Medium,0,1736.26,289.37666666666667,6,1.0,2022-08-21,1.0,1.0,2023-07-22,4,Online Banking,162
225,42,M,Widowed,High,0,2650.29,331.28625,8,2.0,2022-05-11,1.0,0.5,2023-07-15,39,Online Banking,169
226,21,F,Single,High,0,1461.18,208.74,7,1.0,2022-01-21,0.0,0.0,2023-03-10,11,Mobile App,296
228,65,F,Single,High,0,2185.36,364.2266666666667,6,2.0,2022-08-04,1.0,0.5,2023-10-16,32,Website,76
229,21,F,Single,Medium,0,2559.03,284.3366666666667,9,1.0,2022-08-12,0.0,0.0,2023-12-23,37,Website,8
230,60,F,Divorced,Medium,1,1468.07,244.6783333333333,6,2.0,2022-09-09,1.0,0.5,2023-09-04,9,Online Banking,118
232,56,F,Single,Low,0,2082.19,260.27375,8,2.0,2022-11-24,0.0,0.0,2023-09-08,32,Online Banking,114
233,53,F,Married,High,0,817.4200000000001,272.47333333333336,3,2.0,2022-10-09,2.0,1.0,2023-09-18,33,Website,104
235,23,M,Divorced,High,0,770.5,256.8333333333333,3,2.0,2022-07-11,0.0,0.0,2023-12-28,15,Mobile App,3
236,41,F,Single,Low,1,1482.99,247.165,6,2.0,2022-07-08,2.0,1.0,2023-09-25,30,Online Banking,97
238,50,M,Widowed,High,1,762.4399999999999,254.14666666666665,3,1.0,2022-07-07,0.0,0.0,2023-09-20,22,Mobile App,102
239,29,F,Married,Medium,1,2654.84,294.9822222222222,9,1.0,2022-11-05,0.0,0.0,2023-10-09,43,Mobile App,83
240,58,M,Divorced,High,0,859.47,429.735,2,1.0,2022-03-24,1.0,1.0,2023-07-27,30,Online Banking,157
241,38,F,Divorced,Medium,0,2185.9300000000003,242.88111111111115,9,1.0,2022-05-29,1.0,1.0,2023-12-19,1,Mobile App,12
242,28,F,Single,Low,1,726.73,242.24333333333334,3,2.0,2022-09-24,1.0,0.5,2023-02-16,35,Online Banking,318
243,61,M,Married,Medium,0,2362.18,262.46444444444444,9,1.0,2022-12-18,0.0,0.0,2023-12-09,18,Website,22
244,55,F,Widowed,High,0,1649.9,235.70000000000002,7,2.0,2022-09-10,0.0,0.0,2023-06-21,15,Online Banking,193
246,65,F,Divorced,Medium,0,1171.1399999999999,292.78499999999997,4,1.0,2022-09-30,1.0,1.0,2023-03-24,40,Mobile App,282
247,58,F,Divorced,Medium,0,1887.6799999999998,269.6685714285714,7,2.0,2022-10-23,2.0,1.0,2023-12-24,2,Online Banking,7
248,20,M,Married,High,1,1519.1399999999999,303.828,5,1.0,2022-06-26,0.0,0.0,2023-08-26,30,Online Banking,127
249,45,F,Widowed,Low,0,356.39,356.39,1,1.0,2022-01-13,0.0,0.0,2023-02-06,40,Website,328
250,37,M,Widowed,Low,0,1607.36,229.62285714285713,7,1.0,2022-04-15,1.0,1.0,2023-01-09,32,Website,356
251,43,F,Divorced,Medium,1,1968.79,281.2557142857143,7,1.0,2022-10-13,1.0,1.0,2023-03-24,28,Website,282
253,69,M,Single,Medium,0,1319.11,263.822,5,1.0,2022-07-22,1.0,1.0,2023-12-03,7,Online Banking,28
254,64,F,Married,Low,1,2220.26,246.6955555555556,9,2.0,2022-07-28,1.0,0.5,2023-08-25,1,Mobile App,128
255,38,M,Divorced,Medium,0,2672.69,381.8128571428571,7,1.0,2022-04-16,0.0,0.0,2023-06-17,43,Mobile App,197
256,47,F,Widowed,Medium,0,208.67,208.67,1,2.0,2022-08-10,1.0,0.5,2023-08-26,28,Mobile App,127
257,21,F,Widowed,Low,0,92.62,92.62,1,1.0,2022-12-24,1.0,1.0,2023-01-31,39,Website,334
258,53,M,Single,Low,0,832.85,208.2125,4,2.0,2022-11-08,1.0,0.5,2023-06-17,19,Mobile App,197
259,57,M,Widowed,High,0,1469.67,244.94500000000002,6,1.0,2022-06-06,1.0,1.0,2023-03-16,39,Online Banking,290
260,27,M,Single,Low,1,2395.72,299.465,8,1.0,2022-12-26,1.0,1.0,2023-08-24,32,Website,129
261,27,M,Married,Low,1,489.07,489.07,1,1.0,2022-05-30,0.0,0.0,2023-05-29,49,Online Banking,216
262,59,F,Divorced,High,1,2940.59,326.7322222222222,9,2.0,2022-04-18,0.0,0.0,2023-02-04,30,Website,330
263,41,M,Single,Low,0,13.04,13.04,1,2.0,2022-07-07,2.0,1.0,2023-12-28,2,Website,3
264,21,F,Widowed,High,0,525.02,262.51,2,1.0,2022-03-05,1.0,1.0,2023-03-08,44,Online Banking,298
266,44,M,Married,High,0,459.39,459.39,1,1.0,2022-12-02,1.0,1.0,2023-01-07,37,Online Banking,358
267,68,F,Single,Medium,0,461.36,153.78666666666666,3,1.0,2022-10-04,0.0,0.0,2023-11-24,19,Online Banking,37
269,21,F,Widowed,Medium,0,2123.87,235.98555555555555,9,2.0,2022-05-19,1.0,0.5,2023-06-16,1,Mobile App,198
270,49,M,Single,High,0,734.74,244.91333333333333,3,1.0,2022-03-16,0.0,0.0,2023-04-12,42,Mobile App,263
272,28,F,Divorced,Low,1,1170.04,146.255,8,2.0,2022-12-18,0.0,0.0,2023-07-16,26,Online Banking,168
274,63,F,Widowed,Low,0,1117.33,279.3325,4,1.0,2022-06-08,0.0,0.0,2023-01-24,35,Online Banking,341
275,25,F,Divorced,Low,0,605.79,201.92999999999998,3,2.0,2022-05-30,1.0,0.5,2023-06-15,3,Website,199
278,51,F,Married,Low,0,1423.1,284.62,5,1.0,2022-08-06,0.0,0.0,2023-02-22,22,Online Banking,312
279,62,M,Divorced,Medium,0,1209.94,302.485,4,1.0,2022-04-13,1.0,1.0,2023-04-12,6,Mobile App,263
280,52,F,Single,High,0,836.33,209.0825,4,2.0,2022-06-11,1.0,0.5,2023-11-19,42,Online Banking,42
281,52,M,Married,Medium,0,1563.95,195.49375,8,1.0,2022-07-23,1.0,1.0,2023-12-15,34,Online Banking,16
282,42,M,Single,High,1,2016.68,403.336,5,1.0,2022-10-25,1.0,1.0,2023-07-22,3,Online Banking,162
286,54,F,Widowed,Low,1,512.1899999999999,256.09499999999997,2,2.0,2022-10-16,1.0,0.5,2023-04-03,5,Website,272
287,18,M,Widowed,Low,0,615.0699999999999,307.53499999999997,2,2.0,2022-12-04,1.0,0.5,2023-06-10,20,Website,204
288,29,F,Widowed,High,0,2217.85,277.23125,8,2.0,2022-11-17,0.0,0.0,2023-03-21,1,Website,285
290,23,M,Widowed,High,0,403.33,403.33,1,1.0,2022-12-21,0.0,0.0,2023-09-15,9,Mobile App,107
291,34,F,Divorced,High,0,1572.74,262.12333333333333,6,2.0,2022-08-18,0.0,0.0,2023-09-26,15,Website,96
292,26,M,Single,Medium,0,2429.7,303.7125,8,2.0,2022-04-27,1.0,0.5,2023-12-06,37,Website,25
294,35,F,Widowed,Low,0,1882.08,313.68,6,1.0,2022-09-08,1.0,1.0,2023-03-19,22,Online Banking,287
296,53,M,Divorced,Low,0,261.24,261.24,1,1.0,2022-03-27,0.0,0.0,2023-12-01,38,Mobile App,30
298,58,F,Widowed,High,0,1305.25,217.54166666666666,6,1.0,2022-11-07,0.0,0.0,2023-08-23,29,Website,130
299,54,M,Widowed,Medium,0,9.8,9.8,1,2.0,2022-06-03,1.0,0.5,2023-11-04,46,Mobile App,57
300,66,F,Divorced,High,0,926.5300000000001,231.63250000000002,4,2.0,2022-11-03,2.0,1.0,2023-10-15,32,Website,77
301,43,F,Widowed,Low,0,1298.95,216.49166666666667,6,1.0,2022-09-30,1.0,1.0,2023-10-02,34,Online Banking,90
302,21,M,Widowed,High,0,925.58,231.395,4,2.0,2022-09-29,2.0,1.0,2023-02-18,8,Website,316
303,57,F,Married,High,0,948.96,316.32,3,1.0,2022-08-23,1.0,1.0,2023-05-20,34,Online Banking,225
304,53,F,Married,High,0,695.73,231.91,3,1.0,2022-12-08,0.0,0.0,2023-04-28,5,Online Banking,247
307,47,M,Married,High,0,1416.68,354.17,4,1.0,2022-03-16,1.0,1.0,2023-11-04,20,Mobile App,57
309,51,M,Single,High,0,1400.5,280.1,5,1.0,2022-12-28,1.0,1.0,2023-04-16,27,Online Banking,259
311,35,M,Widowed,High,1,592.9,118.58,5,2.0,2022-06-07,2.0,1.0,2023-07-07,46,Mobile App,177
312,47,M,Single,Medium,0,283.16,141.58,2,2.0,2022-03-22,0.0,0.0,2023-06-23,29,Website,191
314,20,M,Single,Medium,0,536.29,268.145,2,1.0,2022-08-03,0.0,0.0,2023-03-21,26,Mobile App,285
315,23,F,Married,Medium,1,601.31,300.655,2,1.0,2022-01-17,0.0,0.0,2023-10-09,23,Mobile App,83
317,30,M,Married,High,0,467.83,155.94333333333333,3,2.0,2022-05-21,0.0,0.0,2023-06-02,20,Website,212
320,65,F,Divorced,High,0,823.75,411.875,2,2.0,2022-02-28,1.0,0.5,2023-02-11,26,Online Banking,323
321,45,M,Widowed,High,0,2007.24,223.02666666666667,9,2.0,2022-11-27,1.0,0.5,2023-10-30,32,Online Banking,62
322,39,F,Single,Low,0,61.98,61.98,1,2.0,2022-10-21,0.0,0.0,2023-11-20,1,Online Banking,41
323,57,F,Married,High,1,839.3,209.825,4,1.0,2022-05-07,1.0,1.0,2023-03-10,2,Website,296
324,57,F,Married,High,0,1369.7,228.28333333333333,6,2.0,2022-08-24,0.0,0.0,2023-02-23,4,Mobile App,311
325,29,F,Divorced,Medium,0,553.79,276.895,2,2.0,2022-11-23,0.0,0.0,2023-09-30,41,Online Banking,92
327,48,M,Single,High,0,403.37,201.685,2,2.0,2022-12-30,1.0,0.5,2023-08-27,28,Website,126
329,24,F,Divorced,Medium,0,2361.19,295.14875,8,1.0,2022-06-23,0.0,0.0,2023-08-13,37,Online Banking,140
331,36,M,Divorced,High,0,908.3199999999999,181.664,5,2.0,2022-11-22,1.0,0.5,2023-01-02,30,Website,363
333,61,M,Single,High,0,2439.39,348.4842857142857,7,2.0,2022-12-18,1.0,0.5,2023-12-13,11,Website,18
334,37,F,Divorced,High,0,1719.37,286.56166666666667,6,1.0,2022-06-10,1.0,1.0,2023-01-18,11,Online Banking,347
335,67,F,Married,High,1,756.52,378.26,2,2.0,2022-10-16,2.0,1.0,2023-12-27,2,Mobile App,4
339,39,M,Divorced,High,0,682.9399999999999,170.73499999999999,4,1.0,2022-03-14,1.0,1.0,2023-04-23,1,Website,252
340,27,F,Divorced,Low,0,1147.08,191.17999999999998,6,1.0,2022-02-10,0.0,0.0,2023-09-21,48,Mobile App,101
341,43,M,Single,Medium,0,1022.86,170.47666666666666,6,1.0,2022-05-26,1.0,1.0,2023-07-05,27,Online Banking,179
342,68,M,Married,High,1,2295.76,327.96571428571434,7,1.0,2022-12-11,1.0,1.0,2023-10-02,26,Online Banking,90
343,50,M,Divorced,Medium,0,924.63,308.21,3,2.0,2022-12-27,2.0,1.0,2023-07-26,26,Online Banking,158
344,45,F,Single,Low,0,1466.6,244.4333333333333,6,2.0,2022-04-08,1.0,0.5,2023-06-27,8,Mobile App,187
345,27,F,Widowed,Medium,0,1980.5,247.5625,8,1.0,2022-08-04,1.0,1.0,2023-09-08,29,Online Banking,114
346,46,M,Widowed,Medium,0,1641.62,273.6033333333333,6,1.0,2022-01-08,0.0,0.0,2023-01-07,17,Online Banking,358
347,61,M,Divorced,Medium,0,1974.45,219.38333333333333,9,2.0,2022-11-20,1.0,0.5,2023-07-20,33,Mobile App,164
348,35,M,Married,Medium,0,704.7,352.35,2,1.0,2022-03-10,1.0,1.0,2023-11-30,1,Online Banking,31
349,59,M,Widowed,High,0,1376.54,229.42333333333332,6,2.0,2022-06-13,2.0,1.0,2023-08-20,24,Mobile App,133
350,18,M,Divorced,Low,0,2702.27,300.2522222222222,9,1.0,2022-06-09,0.0,0.0,2023-04-23,25,Online Banking,252
351,40,M,Widowed,High,1,588.68,294.34,2,1.0,2022-02-21,0.0,0.0,2023-07-23,1,Mobile App,161
352,34,F,Single,Medium,0,1493.9,298.78000000000003,5,2.0,2022-12-06,1.0,0.5,2023-09-02,26,Website,120
353,60,M,Divorced,Medium,1,266.08,266.08,1,2.0,2022-10-19,1.0,0.5,2023-03-19,16,Online Banking,287
354,54,M,Divorced,Medium,0,324.4,108.13333333333333,3,1.0,2022-07-27,0.0,0.0,2023-07-13,49,Online Banking,171
355,48,M,Divorced,Low,0,368.57,368.57,1,2.0,2022-10-28,1.0,0.5,2023-01-06,33,Website,359
357,21,M,Divorced,High,0,780.1800000000001,195.04500000000002,4,2.0,2022-08-12,1.0,0.5,2023-09-10,45,Online Banking,112
358,69,F,Divorced,Medium,1,2282.8900000000003,253.6544444444445,9,1.0,2022-10-19,0.0,0.0,2023-01-17,24,Mobile App,348
359,26,M,Single,Low,0,2154.17,269.27125,8,1.0,2022-05-12,1.0,1.0,2023-05-03,36,Website,242
360,45,F,Widowed,Medium,0,1731.26,216.4075,8,2.0,2022-10-25,2.0,1.0,2023-03-26,14,Online Banking,280
362,64,M,Married,High,1,469.14,234.57,2,2.0,2022-06-02,1.0,0.5,2023-08-14,5,Mobile App,139
363,41,F,Single,Low,0,1514.16,168.24,9,1.0,2022-02-01,1.0,1.0,2023-01-01,27,Online Banking,364
364,50,M,Widowed,High,0,286.8,286.8,1,2.0,2022-05-25,2.0,1.0,2023-08-28,14,Mobile App,125
365,37,F,Divorced,Low,1,1188.8400000000001,148.60500000000002,8,1.0,2022-06-20,1.0,1.0,2023-10-29,24,Online Banking,63
367,25,F,Single,Low,0,2197.79,313.96999999999997,7,1.0,2022-05-03,0.0,0.0,2023-09-16,28,Mobile App,106
369,31,F,Single,Medium,0,3352.34,372.4822222222222,9,1.0,2022-12-26,0.0,0.0,2023-02-07,35,Website,327
370,35,F,Married,High,0,1239.81,206.635,6,2.0,2022-09-25,1.0,0.5,2023-06-22,47,Online Banking,192
371,18,M,Single,Medium,0,1454.45,290.89,5,2.0,2022-12-21,2.0,1.0,2023-06-15,35,Website,199
372,29,F,Married,Medium,0,35.85,35.85,1,2.0,2022-11-16,1.0,0.5,2023-10-26,23,Website,66
373,46,M,Married,Medium,0,267.09,133.545,2,1.0,2022-02-18,0.0,0.0,2023-05-10,13,Online Banking,235
375,43,F,Married,High,0,133.2,133.2,1,1.0,2022-05-01,0.0,0.0,2023-08-31,17,Website,122
376,50,F,Divorced,Low,0,1143.8,285.95,4,1.0,2022-06-05,1.0,1.0,2023-02-28,31,Website,306
377,60,F,Single,Medium,0,2366.3,295.7875,8,2.0,2022-05-27,1.0,0.5,2023-05-11,10,Online Banking,234
378,32,M,Single,High,0,1333.6,333.4,4,2.0,2022-09-07,1.0,0.5,2023-08-22,36,Website,131
379,40,F,Single,High,0,1582.08,197.76,8,1.0,2022-10-07,1.0,1.0,2023-07-24,29,Online Banking,160
381,38,M,Single,Low,1,1087.62,271.905,4,1.0,2022-02-22,1.0,1.0,2023-07-18,33,Website,166
382,36,F,Divorced,High,0,2467.11,274.12333333333333,9,1.0,2022-11-17,1.0,1.0,2023-03-01,14,Mobile App,305
383,22,M,Single,High,0,800.5600000000001,200.14000000000001,4,2.0,2022-04-27,1.0,0.5,2023-08-21,7,Online Banking,132
384,40,F,Married,Low,0,339.16999999999996,169.58499999999998,2,2.0,2022-11-17,1.0,0.5,2023-12-26,33,Website,5
386,37,F,Divorced,High,0,773.11,193.2775,4,1.0,2022-03-30,1.0,1.0,2023-10-23,26,Website,69
387,25,M,Married,Low,0,47.52,47.52,1,2.0,2022-12-02,0.0,0.0,2023-10-30,39,Website,62
392,26,F,Widowed,Medium,0,1533.34,219.04857142857142,7,1.0,2022-06-24,1.0,1.0,2023-09-03,33,Mobile App,119
393,33,M,Widowed,Medium,0,1960.83,245.10375,8,1.0,2022-01-24,1.0,1.0,2023-12-04,43,Website,27
394,33,M,Divorced,Low,0,2346.48,293.31,8,2.0,2022-07-29,1.0,0.5,2023-07-11,25,Online Banking,173
395,29,F,Single,Medium,1,680.27,340.135,2,2.0,2022-08-29,1.0,0.5,2023-07-22,22,Online Banking,162
396,22,M,Widowed,High,1,865.73,288.57666666666665,3,2.0,2022-05-24,0.0,0.0,2023-05-07,1,Online Banking,238
398,46,F,Divorced,Low,0,1678.1200000000001,279.68666666666667,6,1.0,2022-09-22,1.0,1.0,2023-10-09,23,Online Banking,83
399,63,M,Married,Medium,0,568.35,284.175,2,1.0,2022-08-04,1.0,1.0,2023-06-02,33,Website,212
401,28,F,Divorced,Medium,0,1273.3600000000001,318.34000000000003,4,2.0,2022-11-02,1.0,0.5,2023-08-22,28,Website,131
402,64,M,Single,Medium,1,609.5799999999999,304.78999999999996,2,2.0,2022-04-14,1.0,0.5,2023-08-11,43,Mobile App,142
403,67,F,Widowed,High,0,1645.76,235.10857142857142,7,2.0,2022-09-14,2.0,1.0,2023-08-30,8,Online Banking,123
404,45,M,Married,Low,1,2787.1,309.67777777777775,9,1.0,2022-01-27,1.0,1.0,2023-10-28,27,Mobile App,64
406,53,F,Married,High,0,2017.78,252.2225,8,2.0,2022-09-25,1.0,0.5,2023-12-29,15,Website,2
407,59,F,Widowed,Low,1,2722.74,302.52666666666664,9,1.0,2022-03-21,0.0,0.0,2023-08-25,48,Mobile App,128
408,36,F,Divorced,Medium,0,2101.4,300.2,7,2.0,2022-09-25,1.0,0.5,2023-10-14,22,Online Banking,78
409,52,F,Divorced,Medium,0,1524.8400000000001,169.42666666666668,9,1.0,2022-10-28,0.0,0.0,2023-01-20,35,Mobile App,345
410,69,F,Married,Medium,0,1426.2,237.70000000000002,6,1.0,2022-09-26,0.0,0.0,2023-08-09,30,Online Banking,144
413,36,M,Widowed,Medium,0,1592.6100000000001,318.52200000000005,5,2.0,2022-09-09,0.0,0.0,2023-03-16,33,Website,290
414,63,M,Widowed,High,0,1497.89,213.98428571428573,7,1.0,2022-07-07,1.0,1.0,2023-09-04,30,Online Banking,118
415,41,F,Divorced,High,0,354.64,354.64,1,1.0,2022-02-09,1.0,1.0,2023-06-18,36,Online Banking,196
416,19,M,Divorced,High,0,1442.26,288.452,5,2.0,2022-04-27,0.0,0.0,2023-04-23,16,Online Banking,252
418,60,M,Married,High,0,1282.72,427.5733333333333,3,2.0,2022-10-07,1.0,0.5,2023-09-20,23,Online Banking,102
420,48,F,Widowed,Medium,0,2140.54,267.5675,8,2.0,2022-08-07,2.0,1.0,2023-01-06,37,Website,359
421,34,F,Widowed,High,0,594.4200000000001,297.21000000000004,2,1.0,2022-05-09,0.0,0.0,2023-12-16,28,Mobile App,15
422,44,M,Single,Low,1,1770.89,252.98428571428573,7,1.0,2022-02-06,1.0,1.0,2023-10-04,14,Mobile App,88
424,67,F,Widowed,Medium,0,965.41,137.91571428571427,7,1.0,2022-06-16,0.0,0.0,2023-09-24,39,Website,98
425,60,F,Widowed,Medium,0,1768.53,196.50333333333333,9,2.0,2022-11-25,1.0,0.5,2023-11-03,33,Website,58
427,62,F,Divorced,Low,0,521.56,173.85333333333332,3,2.0,2022-12-14,2.0,1.0,2023-08-14,13,Online Banking,139
428,31,M,Widowed,High,0,2414.15,301.76875,8,2.0,2022-09-06,1.0,0.5,2023-08-10,36,Mobile App,143
429,24,F,Married,Medium,0,1361.3899999999999,272.27799999999996,5,2.0,2022-10-23,1.0,0.5,2023-01-11,10,Mobile App,354
430,56,M,Married,Medium,0,148.98,148.98,1,2.0,2022-12-14,1.0,0.5,2023-07-02,47,Online Banking,182
431,57,F,Married,High,0,233.87,116.935,2,1.0,2022-04-24,1.0,1.0,2023-05-26,31,Website,219
434,25,F,Married,Medium,0,41.19,41.19,1,2.0,2022-09-30,1.0,0.5,2023-11-09,4,Mobile App,52
435,34,M,Widowed,Low,0,488.45,488.45,1,1.0,2022-07-18,1.0,1.0,2023-03-18,33,Online Banking,288
436,40,F,Widowed,Medium,0,543.99,181.33,3,2.0,2022-12-03,1.0,0.5,2023-09-18,47,Website,104
438,43,M,Married,Low,0,2131.01,304.43,7,1.0,2022-04-09,1.0,1.0,2023-04-20,48,Website,255
439,26,F,Divorced,Medium,0,1373.54,196.22,7,2.0,2022-06-28,0.0,0.0,2023-02-20,41,Online Banking,314
440,53,M,Widowed,High,0,1920.61,240.07625,8,2.0,2022-10-27,1.0,0.5,2023-02-19,34,Online Banking,315
441,24,F,Married,Medium,1,2560.36,320.045,8,1.0,2022-11-19,0.0,0.0,2023-10-28,43,Mobile App,64
442,35,M,Single,Medium,0,412.55,412.55,1,1.0,2022-10-22,1.0,1.0,2023-06-20,35,Mobile App,194
445,43,M,Divorced,High,0,1002.46,200.49200000000002,5,2.0,2022-12-24,1.0,0.5,2023-05-27,30,Online Banking,218
446,20,F,Single,High,0,1516.93,252.8216666666667,6,2.0,2022-11-23,1.0,0.5,2023-10-13,32,Mobile App,79
449,63,F,Single,High,0,1460.65,292.13,5,2.0,2022-05-21,0.0,0.0,2023-05-11,34,Mobile App,234
451,42,M,Widowed,Medium,0,364.46,182.23,2,2.0,2022-10-11,1.0,0.5,2023-07-13,42,Mobile App,171
452,22,M,Single,High,0,2341.48,292.685,8,1.0,2022-06-18,0.0,0.0,2023-10-18,25,Online Banking,74
455,67,F,Married,High,0,565.79,188.59666666666666,3,2.0,2022-07-30,2.0,1.0,2023-12-23,40,Website,8
456,41,M,Divorced,High,0,2402.0,266.8888888888889,9,1.0,2022-03-20,0.0,0.0,2023-11-22,34,Mobile App,39
457,48,M,Divorced,Medium,0,1730.33,216.29125,8,2.0,2022-08-07,0.0,0.0,2023-06-14,44,Website,200
459,38,F,Widowed,Low,0,62.87,62.87,1,1.0,2022-04-24,0.0,0.0,2023-03-13,5,Mobile App,293
460,51,M,Divorced,Low,0,336.72,336.72,1,2.0,2022-07-29,0.0,0.0,2023-02-24,45,Online Banking,310
461,55,F,Married,High,0,449.87,449.87,1,2.0,2022-07-23,0.0,0.0,2023-07-15,27,Online Banking,169
467,69,M,Divorced,Low,0,1104.21,276.0525,4,1.0,2022-04-18,1.0,1.0,2023-12-17,9,Website,14
469,25,M,Divorced,Low,1,1626.7,271.1166666666667,6,2.0,2022-07-01,0.0,0.0,2023-10-24,4,Mobile App,68
470,59,F,Married,Medium,1,1916.68,319.44666666666666,6,1.0,2022-03-19,0.0,0.0,2023-06-09,5,Website,205
471,67,F,Married,Low,0,1109.17,221.834,5,2.0,2022-06-26,1.0,0.5,2023-01-10,13,Mobile App,355
474,37,M,Widowed,Low,0,2460.07,273.3411111111111,9,2.0,2022-08-08,1.0,0.5,2023-03-15,47,Online Banking,291
475,54,F,Married,High,0,1635.1299999999999,272.52166666666665,6,1.0,2022-06-29,1.0,1.0,2023-05-08,35,Mobile App,237
476,35,M,Widowed,Medium,0,2145.93,268.24125,8,1.0,2022-10-17,1.0,1.0,2023-01-30,34,Mobile App,335
479,21,F,Widowed,Low,0,1184.28,236.856,5,2.0,2022-09-15,1.0,0.5,2023-09-03,11,Website,119
480,60,M,Widowed,Medium,1,1351.01,168.87625,8,1.0,2022-01-10,0.0,0.0,2023-06-09,6,Website,205
481,19,F,Widowed,Medium,0,3386.04,376.2266666666667,9,1.0,2022-04-21,1.0,1.0,2023-07-19,32,Website,165
482,38,M,Single,Medium,1,2624.42,291.6022222222222,9,2.0,2022-03-14,2.0,1.0,2023-01-25,35,Website,340
483,54,F,Divorced,Medium,0,1262.48,210.41333333333333,6,1.0,2022-11-07,0.0,0.0,2023-03-23,34,Mobile App,283
485,34,M,Single,Medium,0,2129.71,304.2442857142857,7,1.0,2022-11-14,1.0,1.0,2023-09-15,28,Mobile App,107
486,66,F,Widowed,Low,0,758.73,189.6825,4,2.0,2022-08-03,1.0,0.5,2023-08-18,5,Online Banking,135
487,65,F,Widowed,Low,0,1624.23,232.03285714285715,7,2.0,2022-11-08,1.0,0.5,2023-10-11,34,Mobile App,81
490,58,F,Widowed,Low,0,2063.08,294.7257142857143,7,2.0,2022-09-07,1.0,0.5,2023-02-28,40,Online Banking,306
491,48,M,Widowed,Medium,1,1483.12,247.18666666666664,6,1.0,2022-12-28,1.0,1.0,2023-11-30,44,Website,31
494,49,M,Single,Medium,0,269.73,269.73,1,1.0,2022-11-07,1.0,1.0,2023-10-08,12,Mobile App,84
495,38,M,Widowed,Low,0,1738.1399999999999,289.69,6,1.0,2022-04-21,0.0,0.0,2023-01-07,37,Online Banking,358
496,24,F,Widowed,High,0,216.79,108.395,2,1.0,2022-01-27,1.0,1.0,2023-12-29,1,Website,2
497,27,M,Divorced,High,0,1554.77,259.12833333333333,6,2.0,2022-05-28,0.0,0.0,2023-08-30,40,Mobile App,123
499,65,M,Married,Medium,0,458.77,229.385,2,1.0,2022-01-07,1.0,1.0,2023-11-30,2,Mobile App,31
502,30,M,Married,High,0,703.3299999999999,175.83249999999998,4,2.0,2022-04-03,0.0,0.0,2023-09-20,38,Mobile App,102
504,67,M,Married,High,0,551.93,183.97666666666666,3,1.0,2022-06-06,0.0,0.0,2023-11-04,48,Mobile App,57
505,28,M,Single,High,0,2312.7,330.38571428571424,7,2.0,2022-05-14,1.0,0.5,2023-06-23,22,Mobile App,191
506,52,F,Widowed,Low,1,1009.74,252.435,4,2.0,2022-05-18,0.0,0.0,2023-08-10,1,Online Banking,143
507,51,M,Single,High,1,2325.03,258.3366666666667,9,2.0,2022-11-26,1.0,0.5,2023-10-15,25,Online Banking,77
509,21,F,Married,Medium,1,2446.54,271.8377777777778,9,1.0,2022-08-20,0.0,0.0,2023-08-08,22,Website,145
510,30,M,Single,Medium,1,392.1,392.1,1,1.0,2022-10-24,0.0,0.0,2023-07-04,31,Mobile App,180
511,54,M,Divorced,High,1,2027.8799999999999,225.32,9,1.0,2022-01-06,1.0,1.0,2023-02-12,19,Online Banking,322
518,53,F,Divorced,High,1,3078.6,342.06666666666666,9,2.0,2022-04-30,1.0,0.5,2023-09-25,8,Mobile App,97
519,23,F,Divorced,Low,0,1894.4,210.4888888888889,9,2.0,2022-07-10,1.0,0.5,2023-06-09,18,Mobile App,205
520,24,M,Married,High,0,1959.29,391.858,5,2.0,2022-08-28,2.0,1.0,2023-07-16,9,Mobile App,168
521,21,F,Widowed,Medium,1,645.75,322.875,2,2.0,2022-05-18,1.0,0.5,2023-02-09,43,Website,325
522,52,M,Divorced,Low,0,2557.54,284.1711111111111,9,2.0,2022-09-11,1.0,0.5,2023-09-15,28,Website,107
524,51,F,Divorced,Low,0,2565.36,285.04,9,1.0,2022-08-09,0.0,0.0,2023-10-30,49,Online Banking,62
525,46,F,Divorced,Medium,0,462.44,115.61,4,1.0,2022-11-24,0.0,0.0,2023-12-07,41,Website,24
526,22,M,Divorced,Low,0,446.32,111.58,4,1.0,2022-03-21,1.0,1.0,2023-02-14,30,Online Banking,320
528,50,F,Widowed,Medium,0,1353.55,225.59166666666667,6,1.0,2022-12-12,1.0,1.0,2023-05-16,27,Online Banking,229
529,63,F,Married,High,0,2333.7200000000003,291.71500000000003,8,1.0,2022-01-13,0.0,0.0,2023-05-18,26,Online Banking,227
531,27,F,Divorced,High,1,2008.12,223.12444444444444,9,1.0,2022-09-11,0.0,0.0,2023-11-09,12,Online Banking,52
532,23,M,Divorced,Low,0,2372.58,296.5725,8,2.0,2022-08-01,1.0,0.5,2023-10-22,38,Website,70
533,51,M,Widowed,Low,0,388.31,388.31,1,1.0,2022-01-16,0.0,0.0,2023-10-29,27,Mobile App,63
534,25,M,Married,High,0,536.31,178.76999999999998,3,2.0,2022-11-12,0.0,0.0,2023-08-16,37,Mobile App,137
536,26,M,Married,Low,0,1639.36,409.84,4,1.0,2022-07-20,0.0,0.0,2023-11-10,46,Mobile App,51
538,25,M,Widowed,High,0,651.88,325.94,2,2.0,2022-12-19,1.0,0.5,2023-06-13,6,Online Banking,201
539,21,F,Single,Low,0,1286.35,214.39166666666665,6,2.0,2022-09-17,1.0,0.5,2023-09-22,13,Mobile App,100
540,39,F,Single,Medium,0,649.47,324.735,2,1.0,2022-07-10,0.0,0.0,2023-01-17,6,Online Banking,348
541,45,F,Married,Low,0,185.03,92.515,2,2.0,2022-09-02,1.0,0.5,2023-09-22,38,Mobile App,100
543,21,M,Married,High,1,939.83,187.966,5,1.0,2022-02-06,0.0,0.0,2023-08-25,16,Online Banking,128
544,56,M,Married,Medium,0,1099.45,274.8625,4,1.0,2022-06-04,0.0,0.0,2023-02-21,36,Website,313
545,38,F,Married,Medium,1,452.87,226.435,2,2.0,2022-09-07,2.0,1.0,2023-10-08,43,Website,84
546,25,M,Single,Low,0,575.05,287.525,2,2.0,2022-09-04,2.0,1.0,2023-02-10,14,Online Banking,324
550,23,F,Single,High,0,2140.26,267.5325,8,2.0,2022-12-22,1.0,0.5,2023-12-30,39,Online Banking,1
551,45,F,Married,High,0,3027.91,336.4344444444444,9,2.0,2022-06-30,0.0,0.0,2023-01-03,45,Mobile App,362
554,27,M,Divorced,High,0,1822.54,303.75666666666666,6,1.0,2022-03-30,1.0,1.0,2023-09-25,46,Mobile App,97
556,25,M,Married,Low,0,2132.54,304.6485714285714,7,1.0,2022-11-01,1.0,1.0,2023-02-09,42,Online Banking,325
557,39,F,Single,Low,0,1179.98,393.32666666666665,3,2.0,2022-12-23,1.0,0.5,2023-12-02,27,Online Banking,29
559,46,F,Married,Medium,0,2151.66,307.38,7,1.0,2022-01-19,0.0,0.0,2023-08-15,43,Website,138
561,61,M,Married,Low,0,1369.4,228.23333333333335,6,1.0,2022-04-21,1.0,1.0,2023-10-22,38,Online Banking,70
565,69,M,Single,Low,1,2436.25,406.0416666666667,6,2.0,2022-10-29,1.0,0.5,2023-04-22,30,Website,253
568,28,M,Divorced,High,0,1051.21,350.40333333333336,3,1.0,2022-07-11,1.0,1.0,2023-08-16,32,Online Banking,137
569,69,F,Widowed,Low,0,1550.8500000000001,258.475,6,1.0,2022-10-21,1.0,1.0,2023-11-22,38,Online Banking,39
570,52,F,Single,Low,0,2358.04,336.86285714285714,7,2.0,2022-10-30,1.0,0.5,2023-08-04,21,Mobile App,149
571,41,F,Single,Low,0,962.48,320.82666666666665,3,1.0,2022-03-14,0.0,0.0,2023-04-25,8,Website,250
574,44,M,Widowed,Medium,1,2437.4,270.82222222222225,9,1.0,2022-09-30,1.0,1.0,2023-04-01,17,Mobile App,274
575,32,F,Widowed,Medium,0,1550.26,172.2511111111111,9,2.0,2022-09-14,1.0,0.5,2023-07-10,21,Mobile App,174
576,50,F,Married,Medium,1,755.9300000000001,188.98250000000002,4,2.0,2022-08-30,0.0,0.0,2023-12-21,4,Website,10
577,69,M,Divorced,High,1,2373.23,296.65375,8,1.0,2022-07-21,0.0,0.0,2023-04-25,35,Website,250
578,24,F,Married,High,0,715.6,238.53333333333333,3,1.0,2022-09-21,1.0,1.0,2023-04-23,30,Mobile App,252
580,62,M,Single,Low,0,232.75,116.375,2,2.0,2022-12-02,1.0,0.5,2023-12-01,12,Website,30
581,68,F,Single,Medium,0,407.65999999999997,203.82999999999998,2,1.0,2022-07-24,0.0,0.0,2023-03-25,48,Mobile App,281
584,22,M,Divorced,High,0,1677.08,239.58285714285714,7,2.0,2022-06-18,1.0,0.5,2023-11-07,44,Online Banking,54
585,47,M,Married,Low,0,1709.36,284.8933333333333,6,2.0,2022-07-13,2.0,1.0,2023-04-08,41,Online Banking,267
586,45,M,Divorced,Low,1,1667.53,333.506,5,1.0,2022-03-12,0.0,0.0,2023-11-14,33,Online Banking,47
587,35,F,Single,Low,0,623.49,207.83,3,1.0,2022-12-18,1.0,1.0,2023-04-01,10,Website,274
588,53,F,Married,High,1,1726.51,215.81375,8,2.0,2022-06-11,1.0,0.5,2023-11-21,5,Mobile App,40
589,20,F,Widowed,Medium,1,2356.94,261.88222222222225,9,2.0,2022-11-19,1.0,0.5,2023-04-20,11,Mobile App,255
591,63,F,Divorced,Medium,0,215.12,215.12,1,2.0,2022-08-27,1.0,0.5,2023-04-23,20,Online Banking,252
593,54,F,Single,Medium,0,2959.62,328.84666666666664,9,1.0,2022-09-15,1.0,1.0,2023-01-04,9,Online Banking,361
594,59,M,Divorced,Low,0,2544.69,282.74333333333334,9,2.0,2022-12-25,1.0,0.5,2023-06-09,30,Mobile App,205
595,22,F,Widowed,Low,0,2270.36,283.795,8,1.0,2022-10-26,1.0,1.0,2023-04-23,48,Online Banking,252
597,68,M,Married,Medium,0,1726.8999999999999,246.7,7,1.0,2022-07-21,0.0,0.0,2023-10-17,9,Website,75
599,48,M,Single,Low,0,2347.42,260.82444444444445,9,2.0,2022-11-08,2.0,1.0,2023-12-16,3,Website,15
600,63,F,Single,Medium,0,865.0,216.25,4,1.0,2022-05-05,0.0,0.0,2023-11-22,38,Online Banking,39
601,41,F,Widowed,Low,0,2473.79,309.22375,8,2.0,2022-04-15,1.0,0.5,2023-09-11,25,Website,111
604,27,M,Divorced,Low,0,437.92999999999995,145.97666666666666,3,2.0,2022-09-22,1.0,0.5,2023-05-06,31,Website,239
607,40,M,Married,High,1,1489.51,297.902,5,1.0,2022-11-16,0.0,0.0,2023-01-16,8,Mobile App,349
608,30,M,Divorced,Medium,0,2463.96,273.7733333333333,9,1.0,2022-09-05,0.0,0.0,2023-01-14,2,Mobile App,351
609,33,F,Married,Low,0,110.77,110.77,1,2.0,2022-08-13,1.0,0.5,2023-12-21,32,Website,10
611,44,M,Married,High,0,624.87,208.29,3,1.0,2022-06-27,0.0,0.0,2023-10-11,10,Online Banking,81
612,69,F,Divorced,Medium,0,1688.29,241.18428571428572,7,2.0,2022-08-13,2.0,1.0,2023-12-17,41,Online Banking,14
614,64,F,Married,High,1,1239.16,413.05333333333334,3,1.0,2022-11-15,1.0,1.0,2023-03-25,24,Mobile App,281
615,34,F,Divorced,Low,0,481.67999999999995,160.55999999999997,3,2.0,2022-08-12,1.0,0.5,2023-08-11,7,Online Banking,142
616,65,M,Single,Medium,1,1674.35,209.29375,8,1.0,2022-08-19,0.0,0.0,2023-08-14,29,Online Banking,139
618,18,M,Divorced,Low,1,1025.54,146.50571428571428,7,2.0,2022-05-14,2.0,1.0,2023-11-20,16,Mobile App,41
619,28,M,Widowed,High,1,244.19,244.19,1,1.0,2022-11-25,0.0,0.0,2023-04-27,31,Online Banking,248
620,29,F,Single,High,0,694.35,231.45000000000002,3,1.0,2022-02-27,0.0,0.0,2023-02-25,12,Online Banking,309
621,31,F,Married,Low,0,204.8,102.4,2,1.0,2022-07-28,1.0,1.0,2023-08-15,32,Online Banking,138
622,25,M,Single,High,0,754.54,150.908,5,1.0,2022-06-27,0.0,0.0,2023-10-01,47,Online Banking,91
623,48,F,Single,High,0,1074.25,153.46428571428572,7,2.0,2022-11-19,0.0,0.0,2023-04-12,41,Online Banking,263
627,33,F,Married,Medium,1,1929.48,321.58,6,1.0,2022-07-11,1.0,1.0,2023-11-16,49,Website,45
628,59,F,Divorced,High,0,67.65,67.65,1,1.0,2022-11-26,1.0,1.0,2023-01-16,42,Website,349
629,56,M,Single,Medium,0,657.3699999999999,219.1233333333333,3,2.0,2022-09-10,1.0,0.5,2023-01-07,18,Online Banking,358
630,61,F,Married,Medium,1,942.44,471.22,2,1.0,2022-03-10,0.0,0.0,2023-08-17,44,Website,136
631,36,M,Married,Medium,0,238.83,238.83,1,2.0,2022-11-13,1.0,0.5,2023-07-23,15,Website,161
632,25,M,Widowed,High,0,1060.8600000000001,176.81000000000003,6,1.0,2022-02-07,0.0,0.0,2023-11-28,41,Online Banking,33
633,46,M,Divorced,Medium,0,1985.72,248.215,8,2.0,2022-07-22,0.0,0.0,2023-11-04,37,Online Banking,57
634,19,M,Divorced,Low,0,1053.54,263.385,4,2.0,2022-11-16,0.0,0.0,2023-04-21,23,Mobile App,254
635,59,F,Widowed,High,0,1574.74,314.948,5,1.0,2022-03-17,0.0,0.0,2023-12-10,26,Online Banking,21
636,20,M,Single,Medium,0,1041.72,208.344,5,2.0,2022-12-19,1.0,0.5,2023-09-27,7,Online Banking,95
637,68,M,Widowed,Medium,0,1629.96,203.745,8,1.0,2022-07-07,1.0,1.0,2023-04-26,48,Online Banking,249
639,32,F,Widowed,Medium,0,1874.22,234.2775,8,1.0,2022-09-24,0.0,0.0,2023-03-30,29,Website,276
640,55,M,Divorced,Medium,0,2408.65,301.08125,8,2.0,2022-08-30,1.0,0.5,2023-11-24,45,Website,37
641,45,M,Single,Medium,1,1717.5700000000002,190.84111111111113,9,2.0,2022-03-04,1.0,0.5,2023-06-15,7,Online Banking,199
642,54,M,Married,Low,0,1587.38,264.56333333333333,6,1.0,2022-10-18,0.0,0.0,2023-08-15,6,Online Banking,138
644,47,M,Divorced,Low,1,266.05,133.025,2,1.0,2022-06-12,1.0,1.0,2023-09-11,43,Mobile App,111
645,68,M,Widowed,Medium,0,328.56,328.56,1,2.0,2022-10-18,1.0,0.5,2023-06-28,46,Website,186
647,47,M,Widowed,Medium,0,12.46,12.46,1,2.0,2022-06-24,1.0,0.5,2023-03-11,24,Mobile App,295
648,68,M,Married,Low,0,1028.17,342.72333333333336,3,1.0,2022-03-09,1.0,1.0,2023-08-11,28,Website,142
649,51,M,Divorced,Medium,0,759.5699999999999,189.89249999999998,4,1.0,2022-09-17,0.0,0.0,2023-07-01,26,Website,183
650,30,M,Married,Low,1,499.67,249.835,2,1.0,2022-09-15,1.0,1.0,2023-08-30,38,Online Banking,123
652,59,F,Single,Low,0,1245.86,249.17199999999997,5,2.0,2022-06-15,0.0,0.0,2023-05-18,40,Website,227
653,34,F,Married,Low,0,392.17,392.17,1,1.0,2022-12-04,1.0,1.0,2023-03-30,1,Mobile App,276
654,20,M,Divorced,High,0,1437.17,159.68555555555557,9,1.0,2022-03-14,1.0,1.0,2023-02-19,19,Mobile App,315
655,26,F,Married,Medium,0,2097.25,233.02777777777777,9,2.0,2022-12-16,0.0,0.0,2023-01-31,26,Mobile App,334
657,28,F,Widowed,High,1,1135.3,227.06,5,1.0,2022-09-01,1.0,1.0,2023-12-07,16,Online Banking,24
658,66,M,Divorced,Low,1,1132.79,188.79833333333332,6,1.0,2022-02-07,0.0,0.0,2023-06-25,13,Mobile App,189
659,44,F,Widowed,Low,0,1658.16,276.36,6,2.0,2022-08-16,1.0,0.5,2023-09-25,10,Website,97
660,45,F,Married,High,0,2676.26,334.5325,8,2.0,2022-08-25,1.0,0.5,2023-08-13,8,Mobile App,140
663,23,F,Divorced,Low,0,1160.99,193.49833333333333,6,1.0,2022-02-23,0.0,0.0,2023-04-12,3,Mobile App,263
664,42,F,Widowed,Medium,0,1972.94,328.8233333333333,6,1.0,2022-10-29,0.0,0.0,2023-08-24,45,Online Banking,129
665,52,F,Widowed,High,0,1405.19,281.038,5,1.0,2022-12-30,0.0,0.0,2023-06-15,36,Online Banking,199
667,21,F,Divorced,Low,0,1442.15,240.35833333333335,6,1.0,2022-03-08,1.0,1.0,2023-10-19,8,Online Banking,73
668,64,M,Married,Medium,0,1668.59,238.36999999999998,7,1.0,2022-12-15,0.0,0.0,2023-06-03,32,Website,211
669,55,F,Divorced,High,0,2232.41,279.05125,8,2.0,2022-12-20,1.0,0.5,2023-11-06,19,Website,55
671,37,F,Divorced,High,0,2587.47,287.49666666666667,9,1.0,2022-10-22,1.0,1.0,2023-02-28,45,Online Banking,306
672,42,F,Single,Low,0,77.31,77.31,1,2.0,2022-06-25,2.0,1.0,2023-04-01,45,Mobile App,274
673,24,F,Single,Medium,0,1779.5,222.4375,8,2.0,2022-03-31,2.0,1.0,2023-07-02,13,Mobile App,182
674,38,M,Single,Medium,1,2314.49,257.16555555555556,9,2.0,2022-03-20,1.0,0.5,2023-01-23,44,Online Banking,342
675,24,M,Single,High,0,2461.3,273.4777777777778,9,2.0,2022-07-21,2.0,1.0,2023-06-07,48,Online Banking,207
677,69,F,Married,Low,1,308.82,308.82,1,2.0,2022-08-12,1.0,0.5,2023-07-05,7,Website,179
678,24,M,Divorced,High,0,864.3,216.075,4,1.0,2022-10-09,1.0,1.0,2023-04-22,47,Online Banking,253
679,20,F,Divorced,High,0,1700.3,242.9,7,2.0,2022-07-20,1.0,0.5,2023-08-31,47,Website,122
682,56,M,Married,High,1,1084.11,216.82199999999997,5,1.0,2022-08-16,1.0,1.0,2023-09-14,9,Mobile App,108
683,55,F,Married,Low,0,1383.28,276.656,5,2.0,2022-06-14,1.0,0.5,2023-08-19,26,Online Banking,134
684,23,M,Single,Medium,0,1240.94,248.18800000000002,5,1.0,2022-01-21,1.0,1.0,2023-07-24,48,Mobile App,160
687,54,F,Widowed,Medium,0,1446.69,160.74333333333334,9,1.0,2022-01-16,1.0,1.0,2023-11-24,20,Online Banking,37
688,31,F,Married,Low,0,2281.4700000000003,253.4966666666667,9,2.0,2022-12-03,1.0,0.5,2023-10-05,6,Website,87
693,63,F,Single,High,0,2154.62,269.3275,8,1.0,2022-07-07,1.0,1.0,2023-10-01,43,Mobile App,91
695,26,F,Single,Medium,1,2615.4300000000003,290.60333333333335,9,2.0,2022-04-19,1.0,0.5,2023-02-09,24,Mobile App,325
696,43,F,Widowed,Medium,1,55.77,55.77,1,1.0,2022-10-19,0.0,0.0,2023-02-10,3,Website,324
700,40,M,Married,High,0,2810.28,351.285,8,2.0,2022-03-03,1.0,0.5,2023-12-18,38,Online Banking,13
703,64,F,Single,Medium,0,1289.55,184.22142857142856,7,2.0,2022-07-19,2.0,1.0,2023-09-16,15,Mobile App,106
705,19,M,Widowed,Low,0,1783.47,254.78142857142856,7,2.0,2022-10-14,0.0,0.0,2023-05-16,40,Website,229
706,23,F,Divorced,High,0,104.0,104.0,1,1.0,2022-05-23,0.0,0.0,2023-03-27,16,Online Banking,279
707,24,M,Married,Medium,0,35.24,35.24,1,1.0,2022-02-02,0.0,0.0,2023-01-02,46,Online Banking,363
708,30,M,Married,Low,0,807.48,269.16,3,1.0,2022-04-07,0.0,0.0,2023-09-29,28,Website,93
711,32,F,Single,Medium,0,391.99,391.99,1,1.0,2022-10-12,0.0,0.0,2023-02-26,11,Website,308
712,26,F,Widowed,High,0,1159.3899999999999,231.878,5,2.0,2022-06-26,2.0,1.0,2023-11-30,37,Mobile App,31
713,25,F,Widowed,Low,0,1792.54,224.0675,8,1.0,2022-02-23,1.0,1.0,2023-03-12,3,Website,294
715,23,F,Married,Low,0,555.91,277.955,2,1.0,2022-10-27,0.0,0.0,2023-06-02,38,Online Banking,212
716,65,M,Divorced,Low,1,3220.3,357.81111111111113,9,2.0,2022-05-07,1.0,0.5,2023-01-11,47,Mobile App,354
717,60,M,Widowed,High,0,1950.63,278.6614285714286,7,2.0,2022-11-15,0.0,0.0,2023-05-03,34,Website,242
718,21,M,Married,Low,0,1845.21,307.535,6,1.0,2022-08-17,0.0,0.0,2023-07-12,38,Mobile App,172
720,68,M,Widowed,High,0,1551.13,258.5216666666667,6,2.0,2022-06-24,1.0,0.5,2023-01-30,24,Website,335
722,43,F,Divorced,High,0,814.74,271.58,3,1.0,2022-07-04,0.0,0.0,2023-04-03,25,Website,272
723,21,F,Divorced,Low,0,2143.56,306.22285714285715,7,2.0,2022-12-07,2.0,1.0,2023-06-02,13,Website,212
724,32,F,Single,High,0,477.73,238.865,2,1.0,2022-01-25,0.0,0.0,2023-10-24,39,Website,68
726,23,M,Single,Low,0,2048.2,256.025,8,1.0,2022-10-30,1.0,1.0,2023-08-29,30,Online Banking,124
728,35,F,Widowed,High,0,1552.44,310.488,5,1.0,2022-10-09,0.0,0.0,2023-05-05,37,Website,240
729,23,F,Married,Low,0,161.07,80.535,2,1.0,2022-07-23,1.0,1.0,2023-02-09,45,Mobile App,325
730,48,M,Single,High,0,1247.79,207.965,6,1.0,2022-02-26,1.0,1.0,2023-12-20,43,Website,11
732,21,F,Married,Low,0,1865.72,207.3022222222222,9,1.0,2022-01-18,0.0,0.0,2023-12-16,35,Mobile App,15
733,23,M,Divorced,Low,1,681.14,227.04666666666665,3,2.0,2022-03-22,0.0,0.0,2023-01-15,6,Online Banking,350
734,58,M,Widowed,High,0,1047.12,209.42399999999998,5,2.0,2022-12-11,1.0,0.5,2023-09-04,11,Mobile App,118
735,54,F,Widowed,Low,0,2165.4900000000002,270.68625000000003,8,2.0,2022-08-14,1.0,0.5,2023-10-05,28,Website,87
736,67,F,Widowed,Low,0,576.3,192.1,3,1.0,2022-08-05,0.0,0.0,2023-03-03,30,Website,303
737,42,M,Married,Medium,0,2132.05,236.89444444444447,9,2.0,2022-09-05,1.0,0.5,2023-05-13,16,Mobile App,232
738,51,M,Divorced,High,0,675.36,225.12,3,2.0,2022-11-05,0.0,0.0,2023-05-25,28,Mobile App,220
740,51,M,Widowed,High,0,2094.81,232.75666666666666,9,1.0,2022-07-03,1.0,1.0,2023-05-27,48,Online Banking,218
741,32,F,Married,High,0,2317.66,289.7075,8,1.0,2022-06-11,1.0,1.0,2023-06-22,30,Website,192
743,25,F,Divorced,Low,0,1118.41,279.6025,4,2.0,2022-03-08,2.0,1.0,2023-07-28,14,Online Banking,156
746,66,M,Divorced,Medium,0,604.8199999999999,302.40999999999997,2,1.0,2022-10-01,1.0,1.0,2023-12-18,30,Mobile App,13
747,51,M,Married,Low,0,967.0799999999999,241.76999999999998,4,2.0,2022-03-09,0.0,0.0,2023-12-02,10,Online Banking,29
749,47,M,Divorced,High,0,618.27,206.09,3,2.0,2022-09-03,1.0,0.5,2023-02-26,44,Online Banking,308
750,30,F,Single,High,0,2600.41,325.05125,8,2.0,2022-07-29,1.0,0.5,2023-08-21,7,Website,132
751,64,F,Divorced,High,0,1172.35,195.39166666666665,6,1.0,2022-12-28,1.0,1.0,2023-08-24,34,Website,129
752,50,F,Divorced,Low,0,2056.76,228.5288888888889,9,2.0,2022-12-29,2.0,1.0,2023-12-07,27,Website,24
753,52,F,Divorced,Medium,1,1560.95,260.15833333333336,6,2.0,2022-11-03,1.0,0.5,2023-06-26,23,Online Banking,188
757,64,F,Single,Medium,1,1484.12,296.82399999999996,5,1.0,2022-11-26,1.0,1.0,2023-09-06,28,Mobile App,116
758,68,M,Single,Medium,0,1725.5,191.72222222222223,9,2.0,2022-12-14,0.0,0.0,2023-08-07,18,Online Banking,146
759,61,F,Widowed,Medium,0,575.97,287.985,2,1.0,2022-05-19,1.0,1.0,2023-03-12,13,Website,294
760,59,M,Single,Medium,0,477.75,477.75,1,2.0,2022-06-17,1.0,0.5,2023-01-30,13,Online Banking,335
761,64,M,Married,Low,0,1309.22,145.4688888888889,9,1.0,2022-05-14,1.0,1.0,2023-01-07,45,Online Banking,358
762,18,F,Single,Low,1,2577.9500000000003,286.4388888888889,9,1.0,2022-03-09,0.0,0.0,2023-11-06,34,Mobile App,55
763,30,M,Married,Low,1,693.13,138.626,5,2.0,2022-12-14,2.0,1.0,2023-04-28,14,Mobile App,247
765,36,F,Married,Low,0,1079.2,215.84,5,1.0,2022-10-31,1.0,1.0,2023-12-07,13,Online Banking,24
766,22,F,Widowed,Medium,0,910.23,303.41,3,2.0,2022-09-22,2.0,1.0,2023-07-09,34,Website,175
769,66,M,Single,High,0,1257.45,251.49,5,2.0,2022-03-26,1.0,0.5,2023-05-26,10,Mobile App,219
770,30,F,Divorced,Medium,0,970.67,161.77833333333334,6,2.0,2022-10-17,0.0,0.0,2023-01-30,36,Website,335
771,55,F,Divorced,Medium,0,1500.63,214.3757142857143,7,2.0,2022-05-22,1.0,0.5,2023-04-13,6,Online Banking,262
772,63,F,Married,Low,0,1124.58,281.145,4,2.0,2022-12-19,0.0,0.0,2023-04-30,21,Online Banking,245
775,36,M,Divorced,Medium,1,1586.9,317.38,5,1.0,2022-12-09,1.0,1.0,2023-08-01,20,Website,152
776,69,F,Married,Low,0,1647.73,329.546,5,2.0,2022-08-30,1.0,0.5,2023-08-06,31,Mobile App,147
778,25,F,Single,High,0,2064.51,229.39000000000001,9,2.0,2022-12-14,1.0,0.5,2023-07-24,6,Online Banking,160
779,44,F,Widowed,Low,0,1563.06,260.51,6,1.0,2022-03-31,1.0,1.0,2023-07-17,2,Mobile App,167
780,67,M,Widowed,Medium,0,2107.59,301.0842857142857,7,1.0,2022-09-11,0.0,0.0,2023-10-19,39,Mobile App,73
781,64,F,Married,High,0,548.61,274.305,2,1.0,2022-03-29,1.0,1.0,2023-01-28,22,Mobile App,337
782,47,M,Single,Low,1,1042.79,208.558,5,1.0,2022-07-14,0.0,0.0,2023-09-07,11,Mobile App,115
784,28,M,Single,Medium,0,1567.71,391.9275,4,2.0,2022-04-28,1.0,0.5,2023-08-09,13,Online Banking,144
785,38,F,Widowed,Medium,0,1960.77,280.11,7,1.0,2022-03-24,1.0,1.0,2023-10-08,33,Online Banking,84
786,60,F,Widowed,Low,0,2141.4,237.93333333333334,9,2.0,2022-08-04,1.0,0.5,2023-09-10,46,Mobile App,112
787,19,M,Married,Low,0,1255.38,156.9225,8,2.0,2022-10-27,1.0,0.5,2023-05-10,14,Website,235
789,34,F,Widowed,High,1,1755.6999999999998,219.46249999999998,8,2.0,2022-07-21,2.0,1.0,2023-09-20,2,Website,102
790,60,M,Widowed,Medium,0,2782.16,309.12888888888887,9,1.0,2022-08-11,1.0,1.0,2023-04-28,10,Website,247
791,68,F,Divorced,Low,1,441.32,220.66,2,2.0,2022-11-12,2.0,1.0,2023-12-21,42,Website,10
792,46,F,Single,Medium,0,1381.17,276.23400000000004,5,2.0,2022-12-20,1.0,0.5,2023-08-06,30,Online Banking,147
793,44,F,Married,High,0,1189.15,198.1916666666667,6,1.0,2022-08-22,1.0,1.0,2023-10-14,32,Website,78
794,41,F,Married,Low,0,2430.75,405.125,6,2.0,2022-05-20,2.0,1.0,2023-05-23,9,Website,222
795,66,F,Married,Medium,0,993.04,248.26,4,1.0,2022-11-10,1.0,1.0,2023-12-31,48,Online Banking,0
797,56,M,Single,Low,0,922.22,230.555,4,1.0,2022-01-13,1.0,1.0,2023-12-29,39,Website,2
798,27,M,Divorced,Medium,0,953.9499999999999,158.99166666666665,6,2.0,2022-04-01,2.0,1.0,2023-05-27,5,Mobile App,218
799,20,F,Divorced,Low,1,912.13,228.0325,4,1.0,2022-01-30,0.0,0.0,2023-01-03,46,Mobile App,362
800,62,M,Married,Medium,0,1213.09,242.618,5,2.0,2022-10-02,1.0,0.5,2023-05-28,15,Online Banking,217
802,43,M,Divorced,High,0,504.29,252.145,2,2.0,2022-10-15,1.0,0.5,2023-09-07,24,Mobile App,115
803,54,F,Married,High,0,2136.39,267.04875,8,1.0,2022-11-22,0.0,0.0,2023-11-14,25,Website,47
804,44,M,Divorced,High,0,2218.53,316.9328571428572,7,1.0,2022-10-16,1.0,1.0,2023-12-19,37,Website,12
805,22,M,Divorced,High,0,1100.6200000000001,183.4366666666667,6,1.0,2022-06-09,1.0,1.0,2023-01-17,24,Website,348
806,59,M,Single,High,1,421.3,140.43333333333334,3,1.0,2022-06-28,1.0,1.0,2023-08-20,42,Online Banking,133
808,30,M,Divorced,High,0,1759.63,293.2716666666667,6,2.0,2022-10-22,1.0,0.5,2023-08-18,20,Online Banking,135
810,51,F,Widowed,Medium,0,1290.08,322.52,4,1.0,2022-09-05,1.0,1.0,2023-02-17,20,Online Banking,317
811,55,M,Divorced,Low,0,871.11,435.555,2,1.0,2022-06-21,1.0,1.0,2023-04-08,18,Online Banking,267
812,57,F,Single,Medium,1,2042.29,291.7557142857143,7,2.0,2022-07-13,2.0,1.0,2023-03-09,39,Mobile App,297
814,51,F,Divorced,High,0,1650.27,183.36333333333334,9,2.0,2022-09-04,2.0,1.0,2023-05-22,3,Online Banking,223
818,68,M,Married,Medium,0,1295.74,161.9675,8,1.0,2022-11-15,1.0,1.0,2023-03-23,41,Online Banking,283
819,42,F,Married,High,0,985.26,197.052,5,1.0,2022-08-26,0.0,0.0,2023-05-06,24,Website,239
821,38,F,Divorced,Medium,0,304.95,152.475,2,1.0,2022-05-30,1.0,1.0,2023-06-19,20,Mobile App,195
822,48,F,Divorced,Medium,0,2275.24,252.8044444444444,9,2.0,2022-06-06,0.0,0.0,2023-01-29,24,Mobile App,336
823,46,F,Widowed,High,1,651.38,217.12666666666667,3,1.0,2022-11-03,1.0,1.0,2023-12-31,17,Online Banking,0
826,43,M,Widowed,Low,1,1099.45,183.24166666666667,6,1.0,2022-05-24,0.0,0.0,2023-07-18,14,Mobile App,166
828,57,F,Widowed,Medium,0,1361.59,340.3975,4,1.0,2022-07-27,0.0,0.0,2023-10-12,32,Online Banking,80
831,42,F,Single,High,1,1417.95,177.24375,8,1.0,2022-06-28,0.0,0.0,2023-09-03,4,Mobile App,119
833,21,F,Widowed,Low,0,1000.79,200.158,5,1.0,2022-04-23,0.0,0.0,2023-09-14,25,Mobile App,108
834,62,F,Widowed,Low,0,1521.8600000000001,304.372,5,1.0,2022-04-21,0.0,0.0,2023-11-21,45,Mobile App,40
835,37,M,Single,Low,0,825.2,165.04000000000002,5,1.0,2022-11-21,1.0,1.0,2023-07-21,1,Mobile App,163
836,63,M,Divorced,Medium,1,1130.44,188.40666666666667,6,2.0,2022-09-20,2.0,1.0,2023-06-06,47,Mobile App,208
838,28,M,Single,High,0,1729.93,192.21444444444444,9,2.0,2022-10-21,1.0,0.5,2023-01-03,16,Online Banking,362
840,24,F,Single,Medium,0,997.8299999999999,199.56599999999997,5,1.0,2022-01-24,1.0,1.0,2023-06-24,39,Mobile App,190
841,45,M,Widowed,Low,1,1829.46,228.6825,8,1.0,2022-04-11,0.0,0.0,2023-08-04,29,Website,149
842,53,M,Divorced,Medium,0,2806.69,350.83625,8,1.0,2022-08-05,1.0,1.0,2023-03-29,12,Mobile App,277
843,24,F,Married,Low,0,1069.53,213.906,5,1.0,2022-12-26,1.0,1.0,2023-02-07,31,Website,327
847,68,F,Divorced,Medium,0,1672.9299999999998,278.82166666666666,6,2.0,2022-07-17,2.0,1.0,2023-11-22,28,Online Banking,39
848,56,F,Single,High,1,690.1600000000001,345.08000000000004,2,2.0,2022-09-04,1.0,0.5,2023-01-03,35,Mobile App,362
849,38,M,Married,Low,0,830.54,166.108,5,2.0,2022-10-16,1.0,0.5,2023-01-20,29,Website,345
851,18,M,Married,Medium,0,580.18,290.09,2,1.0,2022-11-09,1.0,1.0,2023-01-29,39,Online Banking,336
852,54,F,Divorced,Low,0,569.13,142.2825,4,1.0,2022-07-15,0.0,0.0,2023-09-23,29,Mobile App,99
853,63,M,Single,Medium,0,1178.95,392.98333333333335,3,1.0,2022-05-30,0.0,0.0,2023-12-01,34,Website,30
854,59,F,Widowed,Medium,0,47.85,47.85,1,2.0,2022-11-29,1.0,0.5,2023-07-12,10,Mobile App,172
855,20,M,Married,Low,0,2656.16,332.02,8,2.0,2022-12-13,1.0,0.5,2023-09-25,37,Online Banking,97
857,30,F,Married,High,1,379.0,379.0,1,1.0,2022-06-02,1.0,1.0,2023-07-10,7,Mobile App,174
858,33,M,Single,Medium,0,224.33,112.165,2,2.0,2022-08-07,2.0,1.0,2023-08-08,9,Website,145
860,41,F,Married,High,0,410.36,205.18,2,2.0,2022-04-05,1.0,0.5,2023-05-27,21,Mobile App,218
861,30,F,Married,Medium,0,258.79,129.395,2,1.0,2022-05-14,1.0,1.0,2023-05-16,14,Website,229
863,56,M,Divorced,High,0,1031.04,147.29142857142855,7,2.0,2022-06-29,1.0,0.5,2023-10-14,26,Online Banking,78
865,28,F,Widowed,Medium,0,2739.69,304.41,9,1.0,2022-10-21,0.0,0.0,2023-06-10,47,Mobile App,204
869,56,M,Married,High,1,1708.06,244.00857142857143,7,2.0,2022-08-10,1.0,0.5,2023-12-15,19,Online Banking,16
870,29,M,Married,High,0,358.81,358.81,1,1.0,2022-11-29,0.0,0.0,2023-01-18,36,Website,347
871,68,F,Single,Medium,0,1268.83,317.2075,4,2.0,2022-07-16,1.0,0.5,2023-09-16,38,Online Banking,106
874,68,F,Married,Low,0,488.21,488.21,1,2.0,2022-10-02,2.0,1.0,2023-12-29,8,Mobile App,2
876,20,F,Widowed,Low,0,1940.62,242.5775,8,1.0,2022-10-08,1.0,1.0,2023-09-20,4,Online Banking,102
879,27,M,Married,Low,0,328.09,328.09,1,1.0,2022-09-15,1.0,1.0,2023-07-11,38,Online Banking,173
880,69,F,Widowed,High,0,1311.23,187.31857142857143,7,2.0,2022-07-06,2.0,1.0,2023-11-10,49,Online Banking,51
881,26,F,Divorced,Low,0,189.28,189.28,1,2.0,2022-09-30,1.0,0.5,2023-04-01,49,Website,274
883,61,M,Single,Medium,0,776.71,110.95857142857143,7,2.0,2022-05-03,0.0,0.0,2023-10-15,4,Website,77
884,19,M,Widowed,High,0,2069.03,229.89222222222224,9,1.0,2022-07-02,0.0,0.0,2023-10-05,8,Online Banking,87
885,61,F,Widowed,High,0,2431.0299999999997,270.1144444444444,9,2.0,2022-10-04,1.0,0.5,2023-01-09,43,Mobile App,356
886,33,F,Divorced,Low,0,2197.83,313.9757142857143,7,1.0,2022-04-08,1.0,1.0,2023-08-21,7,Mobile App,132
887,30,F,Married,Medium,0,812.28,203.07,4,2.0,2022-05-04,1.0,0.5,2023-03-11,3,Website,295
888,65,M,Single,Medium,0,436.94,145.64666666666668,3,1.0,2022-01-30,0.0,0.0,2023-09-04,1,Online Banking,118
890,39,M,Single,Medium,0,369.47,184.735,2,2.0,2022-12-22,2.0,1.0,2023-03-01,1,Mobile App,305
891,36,F,Divorced,Medium,0,1602.17,320.434,5,2.0,2022-12-08,0.0,0.0,2023-03-15,46,Website,291
892,43,F,Widowed,Medium,0,183.21,183.21,1,1.0,2022-04-24,0.0,0.0,2023-01-16,42,Mobile App,349
893,31,M,Divorced,Low,0,3026.91,336.3233333333333,9,2.0,2022-10-09,1.0,0.5,2023-10-14,38,Mobile App,78
894,48,M,Widowed,Low,0,983.26,327.75333333333333,3,2.0,2022-06-25,1.0,0.5,2023-08-21,37,Mobile App,132
896,62,F,Widowed,Medium,0,1403.03,175.37875,8,1.0,2022-10-12,1.0,1.0,2023-11-22,42,Online Banking,39
897,59,F,Single,High,0,2125.28,265.66,8,2.0,2022-12-17,0.0,0.0,2023-08-21,10,Mobile App,132
898,39,M,Divorced,High,0,2794.0,310.44444444444446,9,1.0,2022-08-25,0.0,0.0,2023-01-09,47,Online Banking,356
899,24,M,Widowed,High,1,38.78,38.78,1,1.0,2022-07-05,0.0,0.0,2023-12-16,1,Website,15
900,54,F,Widowed,Low,0,353.54,117.84666666666668,3,1.0,2022-09-28,1.0,1.0,2023-03-23,2,Online Banking,283
902,58,F,Married,Low,0,1040.2,148.6,7,2.0,2022-09-15,1.0,0.5,2023-09-17,39,Online Banking,105
903,44,M,Married,Low,1,762.78,190.695,4,1.0,2022-08-02,1.0,1.0,2023-06-22,48,Mobile App,192
904,48,M,Single,High,0,1684.39,240.62714285714287,7,1.0,2022-06-02,1.0,1.0,2023-11-24,36,Mobile App,37
905,23,M,Married,High,0,1222.55,152.81875,8,1.0,2022-06-17,0.0,0.0,2023-11-27,7,Online Banking,34
908,55,F,Married,Medium,0,1865.09,207.23222222222222,9,2.0,2022-06-20,1.0,0.5,2023-12-06,3,Website,25
912,66,F,Married,Medium,0,1915.01,212.7788888888889,9,1.0,2022-11-11,0.0,0.0,2023-07-30,6,Mobile App,154
913,34,F,Married,Low,0,267.44,267.44,1,2.0,2022-10-20,2.0,1.0,2023-09-17,25,Mobile App,105
914,50,F,Single,Low,0,1722.8,246.1142857142857,7,2.0,2022-07-09,1.0,0.5,2023-07-31,43,Website,153
917,47,F,Widowed,High,0,1799.3600000000001,224.92000000000002,8,1.0,2022-06-17,1.0,1.0,2023-05-10,9,Mobile App,235
920,44,M,Widowed,Low,0,2059.02,228.78,9,1.0,2022-02-06,0.0,0.0,2023-10-08,14,Mobile App,84
921,57,F,Single,High,0,1778.2,296.3666666666667,6,1.0,2022-07-20,0.0,0.0,2023-11-05,36,Online Banking,56
922,40,M,Divorced,High,0,1135.0,378.3333333333333,3,1.0,2022-07-02,0.0,0.0,2023-08-10,29,Website,143
923,37,F,Married,Medium,0,2462.85,273.65,9,2.0,2022-12-10,0.0,0.0,2023-02-10,43,Website,324
924,23,M,Single,High,1,760.13,380.065,2,1.0,2022-10-02,0.0,0.0,2023-03-25,41,Website,281
928,23,F,Widowed,Low,0,2584.66,323.0825,8,2.0,2022-12-05,1.0,0.5,2023-05-21,40,Website,224
931,44,F,Married,Medium,0,1985.28,397.056,5,1.0,2022-07-15,0.0,0.0,2023-03-10,46,Mobile App,296
932,67,M,Widowed,High,0,350.46,350.46,1,1.0,2022-06-04,1.0,1.0,2023-06-05,28,Online Banking,209
933,37,M,Divorced,High,0,74.06,74.06,1,2.0,2022-05-02,1.0,0.5,2023-04-29,21,Website,246
934,30,M,Married,Low,0,282.29,282.29,1,1.0,2022-02-24,1.0,1.0,2023-11-14,27,Mobile App,47
935,56,M,Widowed,High,1,939.39,234.8475,4,2.0,2022-04-10,2.0,1.0,2023-10-28,33,Website,64
937,34,M,Widowed,Medium,1,1842.6599999999999,263.2371428571428,7,2.0,2022-10-04,1.0,0.5,2023-03-30,24,Mobile App,276
938,47,F,Widowed,Low,0,695.9300000000001,231.9766666666667,3,1.0,2022-11-17,0.0,0.0,2023-06-19,32,Website,195
940,41,M,Divorced,Low,0,1536.43,219.49,7,2.0,2022-09-09,1.0,0.5,2023-04-04,27,Mobile App,271
943,21,M,Divorced,High,0,398.92,199.46,2,1.0,2022-10-13,1.0,1.0,2023-03-19,47,Website,287
944,21,F,Divorced,Low,0,1280.1000000000001,256.02000000000004,5,2.0,2022-09-26,1.0,0.5,2023-06-04,30,Website,210
947,27,F,Widowed,High,1,589.06,196.35333333333332,3,1.0,2022-01-29,0.0,0.0,2023-05-06,31,Website,239
951,35,F,Married,Low,0,1494.92,213.56,7,2.0,2022-06-21,1.0,0.5,2023-11-08,39,Online Banking,53
952,27,M,Widowed,Low,0,344.33,344.33,1,1.0,2022-10-04,0.0,0.0,2023-03-20,39,Website,286
953,62,M,Divorced,Medium,0,2580.58,286.7311111111111,9,2.0,2022-10-21,1.0,0.5,2023-10-21,43,Website,71
955,56,F,Widowed,Medium,0,1453.74,242.29,6,2.0,2022-12-23,1.0,0.5,2023-12-08,26,Website,23
958,22,M,Single,Low,0,972.8,194.56,5,1.0,2022-04-08,0.0,0.0,2023-05-21,14,Online Banking,224
960,54,F,Single,High,0,1553.52,258.92,6,2.0,2022-06-18,0.0,0.0,2023-02-10,41,Online Banking,324
961,25,M,Divorced,High,0,964.3299999999999,321.4433333333333,3,2.0,2022-12-10,1.0,0.5,2023-05-01,21,Mobile App,244
962,41,F,Widowed,High,1,1021.08,255.27,4,2.0,2022-06-13,0.0,0.0,2023-04-04,19,Online Banking,271
963,45,F,Widowed,Medium,0,660.3299999999999,220.10999999999999,3,2.0,2022-11-19,2.0,1.0,2023-09-17,14,Online Banking,105
964,64,M,Divorced,Low,0,2348.82,260.98,9,2.0,2022-11-01,1.0,0.5,2023-03-13,9,Online Banking,293
965,25,F,Divorced,Low,1,213.98,213.98,1,1.0,2022-05-17,0.0,0.0,2023-07-11,42,Mobile App,173
968,48,M,Married,Low,0,344.12,172.06,2,1.0,2022-12-04,1.0,1.0,2023-01-17,22,Online Banking,348
969,34,F,Married,Medium,0,1296.96,324.24,4,1.0,2022-11-12,0.0,0.0,2023-04-25,20,Online Banking,250
970,45,M,Single,High,1,748.6800000000001,124.78000000000002,6,2.0,2022-06-28,0.0,0.0,2023-03-22,19,Website,284
977,57,M,Widowed,Low,0,772.3399999999999,257.44666666666666,3,2.0,2022-04-05,2.0,1.0,2023-02-08,20,Online Banking,326
978,48,F,Married,Medium,0,1465.5,209.35714285714286,7,1.0,2022-10-10,0.0,0.0,2023-09-14,26,Mobile App,108
979,44,F,Widowed,Low,1,1711.28,244.46857142857144,7,1.0,2022-07-24,1.0,1.0,2023-05-18,6,Website,227
980,52,F,Widowed,Low,0,2079.5,259.9375,8,1.0,2022-09-07,0.0,0.0,2023-05-04,28,Online Banking,241
982,53,M,Married,High,1,913.21,152.20166666666668,6,1.0,2022-09-26,1.0,1.0,2023-06-20,4,Mobile App,194
983,25,F,Widowed,Medium,0,1395.3000000000002,279.06000000000006,5,2.0,2022-11-14,1.0,0.5,2023-05-09,49,Mobile App,236
984,63,F,Divorced,High,0,1127.04,140.88,8,1.0,2022-03-20,1.0,1.0,2023-05-01,44,Website,244
985,66,F,Divorced,Medium,0,1752.58,350.51599999999996,5,2.0,2022-05-11,1.0,0.5,2023-03-04,9,Website,302
986,55,F,Single,Low,0,1392.61,198.9442857142857,7,2.0,2022-05-27,2.0,1.0,2023-11-08,49,Online Banking,53
988,31,F,Widowed,High,0,2543.12,282.56888888888886,9,2.0,2022-04-12,0.0,0.0,2023-02-14,31,Website,320
989,55,M,Divorced,Low,1,1530.42,218.6314285714286,7,2.0,2022-10-07,0.0,0.0,2023-07-26,29,Website,158
990,37,F,Widowed,High,1,483.5,483.5,1,2.0,2022-10-25,1.0,0.5,2023-06-07,49,Mobile App,207
992,26,M,Single,Low,0,311.62,311.62,1,1.0,2022-09-29,0.0,0.0,2023-03-26,9,Website,280
994,35,F,Single,Medium,0,1801.34,200.14888888888888,9,2.0,2022-07-02,0.0,0.0,2023-07-23,25,Mobile App,161
995,23,F,Divorced,Low,1,1020.0,204.0,5,1.0,2022-05-02,1.0,1.0,2023-07-31,34,Website,153
